Date,Temperature (°C),,,Dew Point (°C),,,Humidity (%),,,Wind Speed (km/h),,,Pressure (hPa),,,Precipitation (mm)
,Max,Avg,Min,Max,Avg,Min,Max,Avg,Min,Max,Avg,Min,Max,Avg,Min,Total
01/01/2022,25,18.4,12,5,1.9,-1,62,35.1,18,20,10.7,6,1020.3,1018,1015.4,0
02/01/2022,25,19.8,16,4,0.6,-3,42,29.5,16,33,16.6,6,1018.3,1016.3,1014.4,0
03/01/2022,25,20,17,6,2.5,-2,42,31.9,22,20,12.2,0,1017.3,1014.5,1012.4,0
04/01/2022,23,18.5,16,15,7.3,4,94,51,29,30,8.8,0,1016.3,1013.8,1012.4,0
05/01/2022,22,17.7,15,16,14.7,14,94,83.4,64,13,7.1,0,1014.4,1012,1010.4,0
06/01/2022,18,16.7,15,15,13.6,3,94,82.4,39,28,16.8,7,1014.4,1011.7,1010.4,0
07/01/2022,20,16.4,14,13,10.6,0,88,70.2,30,20,9.3,0,1013.4,1011.7,1009.4,0
08/01/2022,21,15.8,11,11,6.5,1,88,59.3,27,15,6.8,0,1015.4,1013.3,1012.4,0
09/01/2022,21,14.8,9,12,8,5,94,66.9,35,19,10.2,6,1017.3,1014.9,1013.4,0
10/01/2022,21,15.3,9,12,8.7,4,88,68.1,33,11,5.5,0,1017.3,1015.8,1014.4,0
11/01/2022,22,16.3,11,12,7.2,1,88,59.5,25,19,8.4,0,1020.3,1017.1,1015.4,0
12/01/2022,22,16,10,11,7.4,4,82,60,31,17,5.7,0,1018.3,1016.1,1013.4,0
13/01/2022,23,16.6,10,11,7.5,0,94,61.5,22,11,7,0,1017.3,1014.8,1012.4,0
14/01/2022,24,16.9,10,9,4.5,1,77,48.4,22,20,9.4,0,1018.3,1015.4,1013.4,0
15/01/2022,23,17.3,12,7,4.6,1,72,45.9,23,28,11.3,6,1018.3,1015.9,1013.4,0
16/01/2022,23,18.1,13,7,3.8,-1,63,41.4,22,43,16.6,6,1018.3,1016,1014.4,0
17/01/2022,26,19.5,14,7,3.7,-2,59,37.8,17,19,8.7,0,1019.3,1016.7,1014.4,0
18/01/2022,26,19,12,9,4.8,0,77,43.3,18,19,8.4,0,1019.3,1016.2,1013.4,0
19/01/2022,26,19.9,13,18,12.1,6,82,62.2,41,35,12.4,0,1016.3,1012.8,1009.4,0
20/01/2022,29,23.4,20,20,17.7,12,88,72.4,37,26,12.2,0,1011.4,1008.5,1006.4,0
21/01/2022,28,23.6,21,21,16,10,88,65,32,54,28.4,6,1008.4,1005.5,1002.4,0
22/01/2022,22,19.9,17,11,-4.2,-13,50,23,10,37,21.2,7,1009.4,1006.2,1003.4,0
23/01/2022,22,16.4,10,6,-4.8,-9,54,24.8,15,22,9.2,0,1012.4,1010,1008.4,0
24/01/2022,23,15.1,0,6,1.4,-6,66,41.8,0,15,7.6,0,1013.4,1011.6,1009.4,0
25/01/2022,23,16,8,8,3.4,-1,67,46.2,20,20,7.9,0,1015.4,1013,1010.4,0
26/01/2022,25,17.2,10,10,5.5,1,88,52.4,21,19,8.4,0,1015.4,1013.2,1011.4,0
27/01/2022,29,17,9,9,4.5,-1,76,47,16,19,7.6,0,1017.3,1014.8,1012.4,0
28/01/2022,25,17.5,10,12,7.4,1,82,57,22,22,8.9,0,1017.3,1014.7,1013.4,0
29/01/2022,26,18.9,12,15,12.6,10,88,68.7,44,24,10,0,1016.3,1013.7,1012.4,0
30/01/2022,26,20.6,15,18,15.9,13,88,75.3,54,30,11.6,0,1014.4,1011.3,1008.4,0
31/01/2022,28,23.2,20,20,16.8,13,88,69.9,39,24,13.4,6,1011.4,1009.1,1007.4,0
01/02/2022,30,22.8,15,18,13.4,2,94,62.3,17,20,7.9,0,1012.4,1009.9,1008.4,0
02/02/2022,27,22.9,18,19,16.6,10,88,69.5,39,30,14.3,6,1027.3,1008.7,1006.4,0
03/02/2022,28,23.2,19,5,-3.6,-8,37,17.6,9,35,11.7,0,1011.4,1008.7,1006.4,0
04/02/2022,29,21.4,14,12,2.9,-9,64,35.6,8,22,9.2,0,1009.4,1007.5,1006.4,0
05/02/2022,27,19.4,11,17,12.3,5,83,64.5,48,24,10.9,0,1010.4,1007.5,1005.4,0
06/02/2022,26,21.4,16,17,13.5,12,88,62.2,42,26,12.2,0,1012.4,1010.8,1009.4,0
07/02/2022,25,21.6,18,18,15.9,15,83,70.5,54,24,10.1,0,1014.4,1012.3,1010.4,0
08/02/2022,25,20.7,17,18,14.4,10,94,69.4,39,20,10.1,0,1013.4,1011.3,1009.4,0
09/02/2022,28,20.2,14,16,12.4,2,94,66.3,20,19,7.9,0,1015.4,1013.3,1011.4,0
10/02/2022,22,20.2,18,9,6.2,4,56,41.2,31,15,6.1,0,1016.3,1016,1015.4,0
11/02/2022,28,20.1,13,10,5,-9,77,44.6,9,19,6.7,0,1017.3,1014.6,1012.4,0
12/02/2022,29,20.4,12,9,4.7,-2,82,42.2,14,22,10.5,0,1014.4,1012.1,1009.4,0
13/02/2022,26,19.4,12,12,10.3,3,82,58.4,31,22,9.6,0,1010.4,1009.1,1006.4,0
14/02/2022,27,20.1,13,14,10.8,7,94,59.4,28,17,8.2,0,1011.4,1009.3,1007.4,0
15/02/2022,30,22,15,15,9,1,88,49.6,15,19,8.8,0,1012.4,1009.9,1007.4,0
16/02/2022,30,22,14,14,10.5,3,82,51.4,19,20,7.3,0,1011.4,1008.4,1005.4,0
17/02/2022,30,21.4,14,16,10.5,1,88,56.3,15,19,7.2,0,1009.4,1007.2,1005.4,0
18/02/2022,31,22.3,14,18,9.7,-5,94,54.7,10,24,7.1,0,1011.4,987.6,0,0
19/02/2022,31,23.1,15,11,6.9,0,64,39.2,14,24,9.1,0,1014.4,1012.2,1010.4,0
20/02/2022,33,24.6,17,16,9.4,1,73,43.5,14,30,10.8,0,1013.4,1010.3,1007.4,0
21/02/2022,31,23.9,20,19,16.4,11,88,65.5,31,28,17.2,6,1009.4,1006.6,1004.4,0
22/02/2022,30,24.4,21,19,16.8,11,88,65,31,41,21.4,7,1009.4,1006.3,1004.4,0
23/02/2022,31,24.4,19,19,13,2,88,54.6,16,24,8.5,0,1013.4,1010.5,1008.4,0
24/02/2022,31,22.8,15,17,9.9,0,78,49.3,14,22,8.9,0,1015.4,1013,1011.4,0
25/02/2022,31,23.3,16,20,13.7,2,94,61.4,16,26,11.7,0,1013.4,1011.3,1008.4,0
26/02/2022,31,24,17,19,14.2,7,94,59.1,22,22,9.3,0,1014.4,1011.5,1009.4,0
27/02/2022,29,23.6,20,12,8.2,3,56,39,19,37,18.5,7,1017.3,1015.1,1013.4,0
28/02/2022,31,24.1,17,13,7.3,4,53,35.8,19,19,9.4,0,1016.3,1014,1011.4,0
01/03/2022,31,23.9,17,18,14.1,9,83,57,27,24,8.8,0,1015.4,1012.9,1010.4,0
02/03/2022,30,24.6,20,19,10,5,78,41.9,23,35,13,0,1015.4,1013.1,1011.4,0
03/03/2022,31,23.7,17,14,11.8,8,77,49.2,24,28,10.4,0,1017.3,1014.2,1012.4,0
04/03/2022,31,24.6,19,18,14,7,88,56.4,23,22,8.6,0,1016.3,1014.2,1011.4,0
05/03/2022,32,24.7,18,17,10.6,4,78,46.4,18,22,7.1,0,1015.4,1012.5,1010.4,0
06/03/2022,30,24.3,19,19,12.6,4,78,51.1,20,30,14.4,0,1011.4,1009.5,1007.4,0
07/03/2022,33,25.6,20,20,16.2,7,88,61,20,26,11,0,1012.4,1010.3,1008.4,0
08/03/2022,33,26.4,22,18,13.3,7,78,47.4,20,24,11.5,4,1013.4,1010.8,1008.4,0
09/03/2022,33,24.9,0,15,10.7,0,73,42.8,0,26,8.8,0,1013.4,989.8,0,0
10/03/2022,34,26,19,17,12.5,8,68,45.2,23,24,8.1,0,1012.4,988.9,0,0
11/03/2022,36,27.8,20,17,13.6,6,78,46.2,16,22,7.3,0,1013.4,1010.7,1008.4,0
12/03/2022,36,28.7,21,15,10.7,4,61,36.6,14,28,10.2,0,1011.4,1009.3,1005.4,0
13/03/2022,38,28.3,19,15,9.6,2,78,37.1,11,28,9.5,0,1011.4,1009.5,1007.4,0
14/03/2022,36,28,22,18,15,9,78,48.3,20,26,11.8,0,1011.4,1009.3,1007.4,0
15/03/2022,34,27,22,22,19.4,16,89,64.7,38,24,13.8,0,1009.4,1007.7,1005.4,0
16/03/2022,33,26.9,23,22,20.7,19,88,70.6,46,26,14.1,6,1008.4,1006.2,1004.4,0
17/03/2022,33,27,21,22,18.9,15,88,64.2,34,30,15.2,6,1007.4,1005.5,1004.4,0
18/03/2022,32,26.9,22,22,20.5,11,89,69.9,39,30,15.2,9,1006.4,1004.2,1002.4,0
19/03/2022,36,27.6,0,22,18.1,0,89,57.7,0,31,16.4,9,1004.4,1002.7,1001.4,0
20/03/2022,35,28,24,18,13.8,6,69,44.7,17,26,15.1,6,1006.4,1004,1002.4,0
21/03/2022,32,26,21,20,16.8,11,83,60.1,29,22,13.4,4,1008.4,1006.8,1005.4,0
22/03/2022,30,25.5,21,20,17.4,14,78,62.2,37,37,18.4,6,1009.4,1007.2,1005.4,0
23/03/2022,32,27.1,23,22,15.8,2,89,56.7,16,33,18.4,7,1008.4,1006.3,1003.4,0
24/03/2022,36,28.2,24,21,18.3,14,83,59.2,27,22,15,7,1006.4,1004.4,1001.4,0
25/03/2022,38,29.2,22,21,14.8,3,88,51.1,11,22,8.5,0,1007.4,1005.3,1003.4,0
26/03/2022,38,28.4,19,21,15.1,3,88,50.8,11,28,9,0,1010.4,987,0,0
27/03/2022,39,29.7,22,17,10.8,-1,73,37.4,8,30,14,0,1009.4,1007.5,1005.4,0
28/03/2022,35,28.8,24,20,17.6,15,74,52,34,30,17,9,1008.4,1006.5,1004.4,0
29/03/2022,34,29,25,19,17.6,16,69,51.5,34,28,15.6,0,1006.4,1004.6,1002.4,0
30/03/2022,41,30.8,21,20,7.9,-5,83,36.9,5,28,9.3,0,1006.4,1004.3,1002.4,0
31/03/2022,40,30.9,21,13,5.1,-10,53,24.3,4,26,9.7,0,1007.4,1005.6,1001.4,0
01/04/2022,39,30,20,14,5.5,-6,47,24.3,6,22,8.8,0,1008.4,1006.2,1003.4,0
02/04/2022,39,29.2,20,23,9.3,-8,89,37.8,5,26,11.9,0,1008.4,1006.5,1005.4,0
03/04/2022,38,28.9,20,22,13.6,-2,94,48.2,8,22,12.3,0,1008.4,1006.8,1005.4,0
04/04/2022,34,27.9,22,22,18.2,10,89,59.2,24,24,12.6,6,1008.4,1007,1005.4,0
05/04/2022,40,29.4,24,22,18.4,8,89,57.2,18,33,15.2,6,1009.4,1008,1006.4,0
06/04/2022,38,30.2,23,22,14.7,4,83,44.4,13,24,13,0,1011.4,1008.6,1006.4,0
07/04/2022,41,31.4,26,23,17,7,83,46,13,26,13.6,6,1010.4,1007.8,1005.4,0
08/04/2022,38,31.7,25,15,11.7,5,48,31.4,13,41,18.3,0,1007.4,1005.2,1002.4,0
09/04/2022,35,30.2,25,22,17.8,11,78,49.2,23,31,14.8,0,1005.4,1003.2,1001.4,0
10/04/2022,38,30,24,23,19.1,6,83,57.2,14,30,13.8,0,1006.4,1003,1001.4,0
11/04/2022,34,28.8,25,24,21.4,16,89,66.7,34,28,17.2,6,1004.4,1002.3,1000.4,0
12/04/2022,33,28.5,25,23,21.5,18,89,67.4,43,33,18.6,9,1002.4,1001.1,999.4,0
13/04/2022,35,28.7,25,23,21.7,17,89,68.2,34,24,15.8,7,1003.4,1001.9,1000.4,0
14/04/2022,36,29.6,26,23,21.5,20,83,63.4,39,28,16.2,7,1004.4,1002.5,1000.4,0
15/04/2022,37,30.3,25,23,20.5,13,89,59.5,25,26,14.6,7,1003.4,1002.1,1000.4,0
16/04/2022,36,29.8,26,25,22,16,84,65.9,30,26,17.3,9,1002.4,1001.1,999.4,0
17/04/2022,34,29.4,26,24,22.5,18,84,67.8,38,33,20.2,9,1005.4,1002,1000.4,0
18/04/2022,33,29.4,27,24,22.6,20,84,68,46,35,17.5,6,1007.4,1005.2,1003.4,0
19/04/2022,33,29.4,27,24,22.3,20,84,66.6,46,31,17.1,7,1010.4,1007.9,1006.4,0
20/04/2022,36,30,26,24,22,17,84,64.4,32,26,17.2,9,1008.4,1006.6,1004.4,0
21/04/2022,37,29.9,27,23,20.6,12,79,59.7,22,30,16.5,7,1007.4,983.7,0,0
22/04/2022,34,29.9,26,23,20.2,3,83,59.1,14,24,17.4,9,1007.4,1005.5,1004.4,0
23/04/2022,34,29.5,26,24,22.1,20,89,65.6,46,30,16.6,9,1007.4,1006.1,1004.4,0
24/04/2022,37,30.8,26,24,19.4,13,89,55.1,24,30,15,0,1007.4,1005.4,1003.4,0
25/04/2022,35,30.4,27,22,20.5,18,74,56,36,33,18.5,9,1005.4,1004.1,1002.4,0
26/04/2022,35,30.3,27,24,22.3,20,79,63.8,41,35,19.1,6,1005.4,1004,1002.4,0
27/04/2022,37,31,27,25,21.9,15,84,61.5,27,31,16.9,9,1006.4,1003.9,1002.4,0
28/04/2022,37,30.8,27,25,22.6,18,89,64.2,34,37,19.5,7,1005.4,1003.6,1001.4,0
29/04/2022,37,32,29,25,22.1,20,74,56.7,39,33,21.6,9,1005.4,1003.1,1000.4,0
30/04/2022,39,32.9,30,23,20.2,17,66,48.2,27,33,17.8,7,1002.4,1000.1,998.4,0
01/05/2022,38,32.9,29,22,19.5,13,62,46.1,31,33,18.9,7,1000.4,998.4,996.4,0
02/05/2022,34,31.1,29,24,18.4,12,74,47.6,31,48,34.1,17,1001.4,999.1,997.4,0
03/05/2022,34,30.6,28,25,22.5,19,79,63.7,41,43,29.6,15,1002.4,1000.2,998.4,0
04/05/2022,35,30.1,27,24,21.5,19,79,61.7,39,30,16.8,4,1004.4,1002.7,1000.4,0
05/05/2022,33,29.8,27,24,21.8,14,84,63.8,31,26,16.2,9,1005.4,1004.2,1002.4,0
06/05/2022,35,30,27,24,20.7,15,79,60,32,35,19.4,0,1006.4,1004.4,1003.4,0
07/05/2022,35,29.9,27,24,22,18,84,64.1,36,31,19.2,0,1006.4,1004.6,1002.4,0
08/05/2022,34,29.7,27,27,23,22,84,67.8,52,39,21.7,11,1011.4,1002.6,1000.4,0
09/05/2022,34,30.3,28,24,23.2,21,79,66.6,46,37,22.9,15,1002.4,1000.3,998.4,0
10/05/2022,34,30.8,27,25,23.7,22,89,66.8,49,28,17.1,7,1001.4,999.9,998.4,0
11/05/2022,35,31.2,28,25,23.9,22,84,66.5,47,26,15.5,7,1003.4,999.9,998.4,0
12/05/2022,36,31.7,28,25,22.7,18,84,60.6,39,30,18,9,1000.4,998.9,996.4,0
13/05/2022,40,34.2,29,21,16.6,11,58,37.3,18,44,19.3,9,998.4,996.7,994.4,0
14/05/2022,42,33.1,28,25,18.2,3,79,49.6,10,44,25.8,13,999.4,997.8,996.4,0
15/05/2022,35,30.8,28,25,22.9,19,79,63.9,41,37,25.6,15,1001.4,1000,998.4,0
16/05/2022,40,32.2,28,24,18.1,1,79,50.8,9,37,24.4,0,1001.4,999.2,996.4,0
17/05/2022,39,32.6,28,24,18.7,10,74,48.2,17,30,21,7,999.4,997.5,995.4,0
18/05/2022,35,30.9,28,25,23,21,79,63.7,46,30,19.9,11,1001.4,999.5,998.4,0
19/05/2022,34,30.2,27,25,23.2,21,84,67.6,49,33,20.4,7,1003.4,1001,999.4,0
20/05/2022,34,30.2,28,24,23.4,22,79,67.5,52,41,25.2,13,1001.4,999.9,998.4,0
21/05/2022,35,30.8,29,25,24.1,22,79,68.2,49,44,30.3,15,1000.4,998.6,996.4,0
22/05/2022,35,30.1,0,25,23.3,0,79,65.4,0,41,29.8,17,998.4,847.3,0,0
23/05/2022,39,32.2,29,25,22.1,11,79,59.9,18,41,25.9,17,995.4,994.3,992.4,0
24/05/2022,36,30.8,28,25,24.1,22,84,68.5,47,33,18,7,1003.4,998.8,995.4,0
25/05/2022,35,30.8,28,32,23.5,22,100,65.8,49,33,20.6,11,1004.4,1003,1001.4,0
26/05/2022,33,30.6,29,25,23.6,22,79,66.5,55,324,36.4,19,1003.4,1001,999.4,0
27/05/2022,34,30.8,28,25,23.6,22,79,65.9,49,50,31.6,19,1000.4,999.3,998.4,0
28/05/2022,35,31,29,33,23.4,20,89,64.9,41,41,27.2,15,1001.4,999.1,997.4,0
29/05/2022,34,30.7,29,24,23.3,21,74,64.8,46,41,27.6,17,1001.4,999.7,998.4,0
30/05/2022,35,30.7,28,24,23.3,20,79,65.5,44,304,30.2,15,1001.4,1000,998.4,0
31/05/2022,34,30.7,29,24,23.1,22,74,64.2,49,41,26.5,19,1002.4,915.4,0,0
01/06/2022,35,30.8,28,25,23.3,21,79,65.3,46,35,24.2,15,1002.4,1000.8,999.4,0
02/06/2022,37,31.3,28,24,22.5,19,79,61.5,35,37,24.4,9,1002.4,1001,998.4,0
03/06/2022,36,30.9,28,25,22.6,20,79,62.7,39,44,23.3,9,1002.4,1000.2,998.4,0
04/06/2022,34,30.3,28,24,23.3,22,79,67,49,41,24.7,11,1001.4,999.5,998.4,0
05/06/2022,34,30.3,28,25,23.8,23,84,68.8,52,37,26,13,1000.4,999.6,998.4,0
06/06/2022,34,30.2,27,24,22.9,20,84,66.1,46,39,24.9,15,1002.4,1000.2,998.4,0
07/06/2022,34,30,27,24,22.6,20,79,65.7,46,37,26.6,17,1002.4,1000.8,999.4,0
08/06/2022,34,30.3,28,28,22.8,21,89,65.1,49,44,30.8,19,1002.4,1000.3,998.4,0
09/06/2022,33,30.1,28,25,23.4,22,79,67.6,52,44,27.4,19,1000.4,998.2,996.4,0
10/06/2022,34,30.7,29,25,24.3,22,79,68.9,52,43,27.9,15,999.4,998.3,996.4,0
11/06/2022,34,30.9,28,26,23.4,20,84,65.3,44,41,25.5,15,1008.4,999,997.4,0
12/06/2022,35,31.6,29,26,24.7,24,79,67.6,53,35,22.8,11,1000.4,998.2,995.4,0
13/06/2022,35,31.2,0,27,25.1,0,84,69.1,0,26,17.5,9,1001.4,999.4,998.4,0
14/06/2022,36,31.7,29,26,24.7,22,84,67.9,47,26,18.1,13,1001.4,999.7,998.4,0
15/06/2022,34,31.7,30,26,25.2,23,79,68.9,55,37,23.1,9,999.4,998.5,997.4,0
16/06/2022,35,31.8,30,26,25.3,23,79,69.1,49,35,27.3,17,998.4,976.8,0,0
17/06/2022,35,31.8,30,26,25.4,24,79,69.4,56,37,26.8,0,998.4,996.9,995.4,0
18/06/2022,34,31.5,30,26,24.2,23,79,65.4,52,39,26,13,999.4,873.1,0,0
19/06/2022,35,31.7,30,25,24.4,23,74,65.5,49,37,26.4,19,999.4,998.1,996.4,0
20/06/2022,34,31.4,30,25,24.2,23,74,65.7,52,44,33.8,15,998.4,996.5,994.4,0
21/06/2022,35,31.8,30,26,25,24,79,67.5,53,37,28.8,19,995.4,972.7,0,0
22/06/2022,36,31,23,25,23.4,21,94,65.3,44,83,17,6,1003.4,998.8,995.4,0
23/06/2022,39,32.3,27,24,21.1,16,79,53.6,26,28,13.1,0,1004.4,1002.6,1000.4,0
24/06/2022,40,33.1,30,25,21.8,14,74,54.6,21,28,17.1,9,1002.4,1000.1,996.4,0
25/06/2022,36,31.6,29,25,23.8,22,74,63.8,44,31,22.7,15,999.4,996.6,993.4,0
26/06/2022,37,32.3,29,26,24.2,11,79,63.6,24,30,18.1,9,997.4,995.9,994.4,0
27/06/2022,36,32.1,30,26,24.9,23,79,66.5,50,33,16.8,9,998.4,996.9,995.4,0
28/06/2022,37,32.2,30,26,24.1,20,79,63.7,37,30,16.7,7,998.4,997.6,996.4,0
29/06/2022,35,31.7,30,26,23.7,6,79,63.5,22,41,25.3,11,998.4,995.4,993.4,0
30/06/2022,35,30.9,0,27,24.2,0,89,66.2,0,37,28.9,19,995.4,994.3,992.4,0
01/07/2022,35,31.9,30,26,24.8,23,79,66.8,49,37,27.6,19,996.4,994.9,991.4,0
02/07/2022,34,31.3,30,26,24.6,23,79,67.5,52,31,19.6,11,995.4,994.1,992.4,0
03/07/2022,34,29.7,0,26,23.8,0,79,65.5,0,24,15.6,7,995.4,973.6,0,0
04/07/2022,36,30.9,28,27,25.4,24,89,74.1,50,22,12.3,6,995.4,994.3,992.4,0
05/07/2022,37,30.2,28,28,25.8,22,94,78.9,42,44,9.7,0,995.4,993.9,992.4,0
06/07/2022,33,29.9,27,28,26.1,24,94,80.6,62,22,9.2,0,997.4,974.5,0,0
07/07/2022,35,28.7,0,27,24.7,0,94,78.1,0,31,17.2,0,999.4,956.4,0,0
08/07/2022,34,28.1,0,27,25,0,94,82.2,0,41,10.2,0,1005.4,976.6,0,0
09/07/2022,30,28,27,27,25.3,24,94,85.5,74,33,13.6,4,996.4,953.3,0,0
10/07/2022,32,28.6,0,26,24.7,0,94,78.1,0,28,10.7,0,998.4,954.2,0,0
11/07/2022,30,26.7,0,26,24,0,94,81.3,0,41,17.9,7,999.4,998.2,997.4,0
12/07/2022,34,30.3,28,26,24.6,23,84,72.4,52,31,19.9,11,999.4,997.3,994.4,0
13/07/2022,34,31,29,27,25.5,24,84,72.9,59,19,9.9,0,996.4,973.5,0,0
14/07/2022,39,32,28,27,24.5,20,89,67.8,35,72,13.2,0,995.4,992.4,989.4,0
15/07/2022,36,31.1,27,25,22.6,20,84,62.2,41,44,24.7,0,995.4,994,992.4,0
16/07/2022,35,30.9,27,25,24.1,23,89,67.4,53,41,24,9,995.4,951.8,0,0
17/07/2022,35,28,0,27,22.8,0,94,66.3,0,48,24.6,9,998.4,974.4,0,0
18/07/2022,31,28.8,27,27,25.5,25,94,82.7,70,24,12.8,6,1000.4,998.9,997.4,0
19/07/2022,33,30,28,26,25.1,24,89,75.6,59,30,16.4,7,1004.4,999.2,997.4,0
20/07/2022,33,30.3,28,26,25.4,23,89,75.8,59,39,23.7,13,999.4,998.3,996.4,0
21/07/2022,32,29.8,28,25,24.6,23,84,73.5,62,41,30.5,19,1000.4,998.3,996.4,0
22/07/2022,31,29.3,28,27,25.2,24,89,78.5,66,30,17.9,0,1003.4,1000.7,999.4,0
23/07/2022,32,28.8,0,26,24.5,0,84,75.6,0,30,18.9,7,1000.4,955.5,0,0
24/07/2022,29,25.9,0,27,23.5,0,94,81.6,0,19,10.3,4,998.4,996.6,995.4,0
25/07/2022,30,27.4,25,27,25.4,24,94,89.2,74,28,14.2,0,1000.4,997,995.4,0
26/07/2022,31,28,26,26,25.2,24,94,85,70,24,13,0,1003.4,1001.8,1000.4,0
27/07/2022,30,27.3,26,26,24.8,24,94,86.6,74,28,14.1,6,1004.4,960.8,0,0
28/07/2022,32,28.3,26,26,24,22,89,77.8,58,30,17.9,6,1005.4,1003.6,1002.4,0
29/07/2022,30,28.3,26,25,24.5,23,94,80.2,66,33,19.3,9,1004.4,1003.2,1001.4,0
30/07/2022,30,28.5,27,25,24.4,23,89,78.8,66,35,23.4,11,1003.4,1001.4,999.4,0
31/07/2022,31,27.9,0,26,24.3,0,94,79.1,0,35,22.5,7,1000.4,998.7,996.4,0
01/08/2022,30,27.9,27,26,25.7,25,94,88.3,79,28,19.5,9,1004.4,999.2,997.4,0
02/08/2022,30,28.4,27,26,25.3,24,94,83.4,74,28,17.8,9,1000.4,998.8,997.4,0
03/08/2022,32,29,27,26,25.2,24,89,80.3,70,28,15.3,7,1000.4,999.1,997.4,0
04/08/2022,33,29.7,28,26,25.4,25,89,77.8,63,22,13.7,6,1000.4,999.2,997.4,0
05/08/2022,33,30.1,28,26,25.2,24,89,75.7,59,22,13.3,7,999.4,997.6,994.4,0
06/08/2022,31,28.5,0,26,25.3,0,89,81.2,0,22,10.8,0,998.4,996.6,994.4,0
07/08/2022,34,29.5,27,27,26.2,25,94,83,66,26,9,0,996.4,995.4,993.4,0
08/08/2022,35,30.5,28,27,26.3,25,94,78.9,63,20,12.5,6,996.4,994.8,992.4,0
09/08/2022,36,31.5,29,27,25.2,23,89,70.3,47,24,10.8,6,995.4,994.2,992.4,0
10/08/2022,35,29.4,26,26,24.8,23,94,77,56,59,11.7,0,994.4,971.7,0,0
11/08/2022,36,30.6,27,29,25.6,0,94,77.6,0,26,7.6,0,992.4,971.3,0,0
12/08/2022,33,29.5,27,28,25.8,24,94,81,62,46,19.4,0,996.4,992.8,990.4,0
13/08/2022,29,27.1,25,26,24.7,24,94,87,74,19,7.3,0,996.4,995.4,994.4,0
14/08/2022,32,28.2,25,27,24.9,24,100,82.6,66,31,17.9,6,996.4,994.6,992.4,0
15/08/2022,31,28.8,28,27,25.7,25,94,83.9,70,31,16.9,9,1000.4,975.7,0,0
16/08/2022,32,28,26,27,25.8,24,94,88.2,66,20,7.6,0,999.4,956.6,0,0
17/08/2022,31,26.7,0,28,24.9,0,94,84,0,26,12.9,6,998.4,997,995.4,0
18/08/2022,29,27.9,26,27,25.6,24,94,87.7,84,31,18.6,9,998.4,996.9,995.4,0
19/08/2022,29,27.9,27,25,25,24,89,84.1,74,30,21.1,13,999.4,997.8,996.4,0
20/08/2022,30,28.2,27,26,24.9,24,89,82.8,74,26,18.8,7,1000.4,999,997.4,0
21/08/2022,31,28.4,27,25,24.6,23,89,80.3,66,30,19.1,11,1000.4,998.8,997.4,0
22/08/2022,31,28.5,27,25,24.2,23,89,77.8,62,104,15.9,7,999.4,998.4,997.4,0
23/08/2022,30,27.8,26,25,24.5,23,94,82.6,74,17,9.5,0,1000.4,998.4,997.4,0
24/08/2022,28,27.1,26,26,25,24,94,88.5,84,259,20.1,6,1000.4,999.1,998.4,0
25/08/2022,30,28.1,27,25,24.4,24,89,80.6,70,33,18.3,9,1001.4,999.8,998.4,0
26/08/2022,31,28.1,27,25,23.6,22,89,76.9,58,28,16.8,9,1003.4,1001.7,1000.4,0
27/08/2022,30,27.8,26,24,23.4,23,89,77.2,66,28,17.4,11,1003.4,1002.4,998.4,0
28/08/2022,31,28.2,27,24,23.3,23,84,74.9,62,28,18.9,9,1003.4,1001.8,1000.4,0
29/08/2022,30,28.1,26,24,23.3,22,84,75.5,62,22,14.3,7,1005.4,1004.1,1002.4,0
30/08/2022,32,28.5,26,25,24.1,21,89,77.7,55,20,10.4,0,1006.4,1005.7,1004.4,0
31/08/2022,32,28.7,26,25,23.9,22,89,76,58,22,13.2,0,1006.4,1004.6,1002.4,0
01/09/2022,31,28.5,27,25,24,22,84,76.6,62,26,18,9,1004.4,1003.5,1002.4,0
02/09/2022,32,28.8,27,25,23.9,22,84,75.3,55,1309,41.2,6,1006.4,1004.7,1003.4,0
03/09/2022,32,29,27,25,23.5,20,89,73,55,35,21,6,1005.4,1003.8,999.4,0
04/09/2022,31,28.7,28,24,23.4,22,79,73,58,37,27.1,13,1003.4,1001.5,999.4,0
05/09/2022,31,28.3,27,24,22.9,22,84,73.1,58,26,19.3,9,1003.4,1001.8,1000.4,0
06/09/2022,32,28.7,26,24,22.9,21,84,71.6,55,28,15.6,6,1005.4,1003.3,1001.4,0
07/09/2022,34,28.9,26,24,22.7,21,84,70.3,46,22,11.7,0,1007.4,1004.9,1003.4,0
08/09/2022,34,29.6,20,25,22.8,20,100,68.4,44,20,8,0,1007.4,1005.4,1003.4,0
09/09/2022,38,32.3,27,24,21.6,19,79,55.6,33,15,9.6,0,1005.4,1003.3,1000.4,0
10/09/2022,40,32.9,27,22,20.2,19,70,48.5,29,63,9,0,1003.4,1001.6,999.4,0
11/09/2022,36,31.2,28,27,22.9,20,84,62.3,47,22,11.4,0,1001.4,979.1,0,0
12/09/2022,35,27.9,25,26,24.1,23,94,81.1,52,56,11.6,0,1001.4,999.3,997.4,0
13/09/2022,36,28.5,26,27,24.4,21,94,80.2,49,48,7.7,0,1002.4,1000,998.4,0
14/09/2022,38,30.3,24,27,24.5,19,94,73.5,35,22,8.4,0,1002.4,1001,999.4,0
15/09/2022,32,28.9,27,25,23.9,22,89,75.2,55,26,18.8,11,1003.4,1001.3,999.4,0
16/09/2022,31,28.3,27,24,23.7,22,84,76.6,62,33,20.7,11,1001.4,999.5,997.4,0
17/09/2022,32,28.5,26,25,23.4,21,84,74.1,55,31,18.1,7,1002.4,999.9,998.4,0
18/09/2022,33,29.1,26,24,22.8,21,89,70.2,49,26,13.7,6,1005.4,1004,1002.4,0
19/09/2022,33,28.6,26,25,22.4,20,89,70.6,46,26,14.9,7,1006.4,1004.9,1003.4,0
20/09/2022,31,27.9,26,24,22.7,21,89,74,55,24,16.9,11,1005.4,1004.4,1002.4,0
21/09/2022,32,28.2,26,24,22.8,21,89,73,52,28,15.6,7,1006.4,1004.4,1002.4,0
22/09/2022,32,28.3,26,24,23,22,84,73.6,58,26,18.1,9,1005.4,1004.1,1002.4,0
23/09/2022,30,28,27,25,22.9,22,84,74.2,62,30,19.6,11,1005.4,1003.4,1001.4,0
24/09/2022,31,27.8,26,24,23.1,23,84,75.7,62,30,20.3,7,1003.4,1002.1,1000.4,0
25/09/2022,32,28.7,27,24,22.7,20,84,70.7,49,31,20.5,13,1005.4,1002.2,1000.4,0
26/09/2022,33,28.7,26,25,22.4,19,89,70.3,43,30,14.7,6,1008.4,1006,1004.4,0
27/09/2022,33,28.5,26,25,22.4,20,89,71.1,46,30,15.2,7,1007.4,1005.8,1004.4,0
28/09/2022,32,28.2,25,24,22.8,22,89,72.9,55,30,16.2,7,1006.4,1004.8,1003.4,0
29/09/2022,33,28.4,26,24,21.8,19,89,68.3,46,28,17.4,9,1006.4,1004.8,1000.4,0
30/09/2022,32,28,25,23,21.3,19,89,68,49,26,17.9,11,1007.4,1005.6,1004.4,0
01/10/2022,32,28.2,25,23,21.3,17,89,67.4,43,31,18.9,9,1007.4,1004.9,1003.4,0
02/10/2022,33,28.2,26,25,21.7,19,89,69,43,26,16,7,1006.4,1004.5,1003.4,0
03/10/2022,33,28.6,26,24,21.8,20,84,67.7,46,28,14.6,6,1007.4,1006,1004.4,0
04/10/2022,33,29.1,26,24,22.8,21,89,69.4,49,26,13.4,6,1008.4,1007.2,1005.4,0
05/10/2022,35,29.4,26,26,23,19,89,70.3,41,20,11.8,6,1008.4,1006.3,1004.4,0
06/10/2022,36,28.9,25,24,21.1,13,94,67.6,25,24,11.8,6,1006.4,1004.6,1002.4,0
07/10/2022,38,30.1,24,24,19.4,10,94,58,18,24,8.8,4,1005.4,1004.2,1002.4,0
08/10/2022,38,31.4,27,20,12.9,8,62,35.5,16,28,14.1,6,1006.4,1004.8,1003.4,0
09/10/2022,38,30.4,23,19,14.2,9,58,38.9,17,20,10.7,0,1008.4,1006.1,1004.4,0
10/10/2022,37,29.1,24,20,14.8,9,74,45.5,20,19,8.7,0,1009.4,1007.6,1005.4,0
11/10/2022,37,27.9,19,20,12.5,0,78,45.9,10,19,8.1,0,1008.4,1006.4,1004.4,0
12/10/2022,36,26.6,19,20,13.4,-1,94,55.1,11,22,8.8,0,1009.4,1007.4,1006.4,0
13/10/2022,36,26.2,0,22,14.3,0,94,55.6,0,19,8,0,1011.4,1008.9,1007.4,0
14/10/2022,37,26.5,19,21,11.3,1,94,51,11,20,8.7,0,1011.4,1009.6,1008.4,0
15/10/2022,37,26.5,18,17,10.6,3,78,45.1,13,20,8.3,0,1010.4,1008.6,1006.4,0
16/10/2022,37,28.4,19,23,11.7,2,94,45.9,11,17,6.9,0,1011.4,1009.7,1008.4,0
17/10/2022,37,27.9,18,14,7.5,1,64,32.4,10,22,8.6,0,1012.4,989.3,0,0
18/10/2022,34,27.4,20,23,18.3,14,89,60.1,34,26,11.8,0,1010.4,1008.6,1006.4,0
19/10/2022,33,27.2,22,23,21.1,16,94,71.8,36,31,10.4,0,1010.4,1008.3,1006.4,0
20/10/2022,33,27.1,22,24,21.5,19,94,73,46,28,10.4,0,1010.4,1008.8,1007.4,0
21/10/2022,37,28.3,22,23,15.9,6,94,54.7,16,17,8,0,1014.4,1012.2,1010.4,0
22/10/2022,36,28.6,22,18,13.3,7,78,43.6,17,19,8.4,0,1016.3,1013.7,1011.4,0
23/10/2022,36,27.4,20,16,11.3,4,68,42.4,14,24,9.1,0,1015.4,1012.5,1010.4,0
24/10/2022,35,27.2,20,22,16.8,12,88,56.4,25,22,12.1,0,1012.4,1009.5,1007.4,0
25/10/2022,32,27.9,25,23,21.8,19,83,70.7,46,28,16.1,9,1009.4,1008,1006.4,0
26/10/2022,34,28.2,25,24,22.2,13,89,71.8,41,22,11.8,0,1011.4,1009.5,1007.4,0
27/10/2022,32,27.5,24,24,22,21,89,73.2,52,20,10.6,0,1012.4,1010.6,1009.4,0
28/10/2022,33,27,22,24,18.3,11,94,63.5,26,22,9.1,0,1013.4,1011.1,1009.4,0
29/10/2022,34,26.8,21,23,15,7,88,55.3,20,19,7.9,0,1013.4,1011.5,1010.4,0
30/10/2022,35,27.3,19,20,13.4,7,94,49.5,18,22,8.7,0,1013.4,1011.8,1010.4,0
31/10/2022,35,26.8,20,23,18.5,9,94,66,21,22,9.2,0,1013.4,1011.3,1009.4,0
01/11/2022,35,26.9,20,24,19.6,10,94,70.3,22,22,8.2,0,1013.4,1011.6,1010.4,0
02/11/2022,34,27.8,23,24,20.3,13,94,67.8,28,20,9.6,0,1013.4,1011.4,1009.4,0
03/11/2022,34,27.3,21,26,21.2,17,94,72.5,38,22,10.7,0,1012.4,1010,1008.4,0
04/11/2022,35,27.3,21,24,20.4,15,100,70.5,32,19,9.3,0,1012.4,1010.6,1009.4,0
05/11/2022,36,26.2,19,22,15,4,94,58.8,14,26,8.2,0,1013.4,1011.7,1010.4,0
06/11/2022,33,25.4,19,21,15.4,8,88,59.9,21,26,8.7,0,1014.4,1012,1010.4,0
07/11/2022,30,24.2,20,21,18.2,14,94,70.6,43,22,9.4,0,1014.4,1012,1009.4,0
08/11/2022,31,24.5,20,20,16.5,12,88,64.9,31,13,6.9,0,1015.4,1012.5,1009.4,0
09/11/2022,31,24.9,19,21,17.3,14,88,65.8,35,17,7.3,0,1015.4,1012.8,1011.4,0
10/11/2022,33,25.8,20,22,18.5,13,94,67.9,31,19,5.2,0,1015.4,1013.9,1012.4,0
11/11/2022,33,26.4,20,20,15.5,9,88,55.8,23,17,5.6,0,1017.3,1015,1013.4,0
12/11/2022,33,26.1,20,21,16.9,11,88,60.4,26,20,8.7,0,1016.3,1014.1,1011.4,0
13/11/2022,33,25.9,20,23,19.5,14,94,71.3,33,26,9,0,1013.4,1011.7,1009.4,0
14/11/2022,31,26.6,24,23,21.1,19,89,73,51,24,12.4,0,1012.4,1010.8,1009.4,0
15/11/2022,30,24.9,21,21,14.6,10,88,55.9,30,26,12.1,4,1016.3,1013,1011.4,0
16/11/2022,31,24.3,18,17,12.5,10,73,49.9,27,15,4.8,0,1015.4,1012.8,1010.4,0
17/11/2022,33,25.1,19,20,15.6,6,88,60,18,22,7.3,0,1015.4,1012.4,1010.4,0
18/11/2022,31,24.6,18,20,17.5,13,88,67,35,20,9.6,0,1014.4,1012,1010.4,0
19/11/2022,31,24.8,20,21,19.4,18,88,73.1,46,28,8.4,0,1014.4,1012.3,1009.4,0
20/11/2022,32,25,20,21,16.5,11,94,62.8,35,11,5.8,0,1015.4,1012.4,1009.4,0
21/11/2022,31,24.5,17,19,12.4,6,78,49,22,19,5.3,0,1014.4,1012.2,1010.4,0
22/11/2022,33,25.2,20,20,15.4,2,94,61.8,14,19,6.4,0,1013.4,1011.8,1009.4,0
23/11/2022,31,23.3,16,14,10.5,2,72,49.1,16,19,6.8,0,1014.4,1012.4,1010.4,0
24/11/2022,32,22.8,16,18,14,2,88,62.7,16,22,8.3,0,1013.4,1011.4,1009.4,0
25/11/2022,30,22.5,15,20,16.1,14,94,69.8,40,19,8.2,0,1014.4,1012.2,1010.4,0
26/11/2022,31,22.6,14,18,11.3,4,88,53.8,19,22,6.9,0,1014.4,1011.4,1008.4,0
27/11/2022,30,22.9,16,19,16.3,9,94,69.7,28,19,8.3,0,1010.4,1008,1006.4,0
28/11/2022,31,22.6,16,18,11.3,6,88,55.2,22,15,6.7,0,1011.4,1009.3,1007.4,0
29/11/2022,31,22.1,14,12,7.2,2,77,43.5,17,19,8.2,0,1013.4,1011.9,1010.4,0
30/11/2022,31,21.3,12,24,4.3,-2,89,38.6,12,17,8,0,1015.4,1013,1011.4,0
01/12/2022,31,21.2,12,10,4.5,-2,63,37.9,12,17,6,0,1014.4,1012,1009.4,0
02/12/2022,29,20.9,12,17,11.4,7,88,56.6,30,26,10.3,0,1012.4,1010.1,1008.4,0
03/12/2022,29,21.7,15,18,13.7,9,94,64.5,28,15,6.7,0,1013.4,1011,1009.4,0
04/12/2022,30,21.3,13,14,7.5,0,72,46.6,14,15,7.1,0,1015.4,1012.8,1010.4,0
05/12/2022,29,21.2,14,17,12.1,7,88,58.1,33,19,6.4,0,1016.3,1014.1,1012.4,0
06/12/2022,29,21.3,14,21,8.4,3,88,46.8,0,19,7.8,0,1016.3,1014.2,1012.4,0
07/12/2022,31,20.9,13,15,8.5,2,83,49.7,17,19,7.9,0,1016.3,1013.8,1011.4,0
08/12/2022,31,21.3,13,16,11.1,5,88,58.5,19,20,6.2,0,1015.4,1012.4,1010.4,0
09/12/2022,31,22,16,19,14.5,8,94,66.9,24,20,6.7,0,1012.4,1010.7,1008.4,0
10/12/2022,30,22.1,15,14,9.5,4,77,49.5,19,20,8.8,0,1013.4,1010.9,1009.4,0
11/12/2022,29,22.8,18,9,6.7,4,52,36.6,20,24,14,6,1014.4,1012.4,1010.4,0
12/12/2022,29,22.5,17,8,6.3,4,52,36.5,22,19,9.8,4,1014.4,1012.4,1010.4,0
13/12/2022,28,21.4,15,8,5.1,3,59,36.8,20,35,17.4,0,1016.3,1013.7,1012.4,0
14/12/2022,29,22.1,16,8,4.9,2,52,34.8,18,22,11.3,0,1016.3,1014.2,1012.4,0
15/12/2022,30,20,11,12,6.1,-2,72,45.7,12,17,5.4,0,1015.4,1012.4,1010.4,0
16/12/2022,29,19.5,11,15,10.6,6,88,60.5,23,17,6.3,0,1013.4,1010.8,1008.4,0
17/12/2022,31,20.2,11,13,6.9,-3,82,50.9,11,15,5.5,0,1014.4,1011.6,1009.4,0
18/12/2022,29,20.6,13,15,9.8,5,77,53.9,23,15,6.7,0,1014.4,1012.4,1010.4,0
19/12/2022,30,20.2,12,14,7.9,-3,88,54.9,12,13,6.5,0,1013.4,1011.3,1009.4,0
20/12/2022,28,20.5,15,12,4.5,-6,72,39.6,10,17,6.5,0,1013.4,1010.8,1008.4,0
21/12/2022,28,19,11,8,2.9,-5,62,38.7,12,19,6,0,1014.4,1012,1010.4,0
22/12/2022,27,18.2,9,7,0.6,-7,55,35.7,10,17,6.5,0,1014.4,1012.2,1010.4,0
23/12/2022,27,17.4,9,5,1.1,-4,62,37.4,13,17,6.7,0,1013.4,1011.4,1009.4,0
24/12/2022,25,17.3,10,4,2.1,0,66,38.9,21,17,9.2,0,1015.4,1013.3,1012.4,0
25/12/2022,26,17.4,9,8,4.2,-1,82,46.1,19,17,6.6,0,1016.3,1013.9,1011.4,0
26/12/2022,25,18.1,12,8,5.7,4,72,46.4,28,28,9.1,0,1017.3,1015.2,1013.4,0
27/12/2022,26,18.6,12,6,3.1,-1,62,39.5,17,19,10,0,1019.3,1016.4,1014.4,0
28/12/2022,26,19.4,12,14,7.4,1,73,47.3,29,13,7.1,0,1018.3,1015.8,1013.4,0
29/12/2022,28,21.7,18,20,15.4,13,88,68.4,39,24,10.7,0,1016.3,1014.8,1012.4,0
30/12/2022,27,20.5,14,15,5.8,2,83,42,20,19,9.2,0,1021.3,1018.2,1015.4,0
31/12/2022,27,18.6,10,11,3.7,-4,77,41.1,14,22,7.3,0,1021.3,1019.3,1016.3,0
01/01/2023,28,18.8,11,13,8.2,1,88,56.5,18,24,9.9,0,1018.3,1016.5,1013.4,0
02/01/2023,27,18.6,11,8,4.5,2,77,44.6,20,22,9.3,0,1018.3,1016.3,1014.4,0
03/01/2023,25,18,11,5,1,-2,58,35.3,17,30,12,0,1021.3,1018.8,1017.3,0
04/01/2023,24,17.3,12,2,-1.5,-7,44,29.9,12,28,15.7,0,1022.3,1019.6,1017.3,0
05/01/2023,24,16.3,8,2,-2.3,-7,53,31.5,12,37,16.8,7,1021.3,1019.4,1017.3,0
06/01/2023,25,17.8,12,1,-2.2,-6,44,27.5,12,28,12.6,6,1021.3,1018.8,1016.3,0
07/01/2023,27,19.8,15,2,-1.6,-7,36,24.4,16,24,13.4,0,1020.3,1017.6,1015.4,0
08/01/2023,27,19.1,14,9,-0.6,-7,63,28.9,18,15,8.4,0,1018.3,1016.3,1013.4,0
09/01/2023,27,18.8,12,14,8.9,3,73,54.7,29,15,8.5,0,1019.3,1017.2,1015.4,0
10/01/2023,27,19.4,13,15,9.3,3,82,54.4,31,26,8.8,0,1019.3,1016.6,1014.4,0
11/01/2023,27,21.4,15,19,14.7,2,88,68.4,27,37,17.6,0,1015.4,1012.3,1009.4,0
12/01/2023,23,19.3,16,2,-4.8,-17,28,20.4,9,41,20.5,0,1014.4,1011.3,1009.4,0
13/01/2023,22,16.1,11,-2,-15.3,-19,36,11.5,7,31,16.2,6,1016.3,1013.3,1011.4,0
14/01/2023,23,15.1,7,11,-6.2,-12,53,25.6,9,19,9.7,0,1019.3,1016.6,1015.4,0
15/01/2023,22,14.3,7,6,0.2,-8,76,42.9,15,17,7.5,0,1017.3,1014.7,1011.4,0
16/01/2023,24,15.8,8,7,2.2,-2,81,46.7,18,22,10.9,0,1015.4,1013.3,1011.4,0
17/01/2023,25,15.5,7,4,-0.9,-6,62,37.2,12,17,6.7,0,1017.3,1014.6,1012.4,0
18/01/2023,26,17,9,7,0.8,-7,71,39.8,11,19,9.3,0,1021.3,1014.7,1012.4,0
19/01/2023,26,17.9,12,3,-0.4,-5,51,31.7,13,33,14.5,7,1016.3,1014.2,1012.4,0
20/01/2023,24,17.3,12,8,2.5,-1,52,38.9,20,28,12.3,0,1017.3,1014.6,1012.4,0
21/01/2023,24,16.7,9,6,1.8,-3,58,39.7,17,37,9.7,0,1018.3,1015.7,1013.4,0
22/01/2023,23,15.6,9,5,1.5,-5,71,43,15,15,7.4,0,1017.3,1015,1013.4,0
23/01/2023,22,15.3,8,2,-4.2,-10,57,30,11,26,9.9,0,1018.3,1015.4,1013.4,0
24/01/2023,22,14.4,7,-1,-2.3,-7,57,34.5,16,19,8.7,0,1017.3,1014.5,1012.4,0
25/01/2023,22,14.8,8,3,-1.7,-8,53,35.5,13,17,8,0,1021.3,1015.5,1013.4,0
26/01/2023,23,15.2,6,-1,-6.2,-11,53,26.9,10,41,17.8,6,1020.3,1017.4,1015.4,0
27/01/2023,27,15.7,0,0,-6.7,-10,40,22.1,0,35,16.7,7,1020.3,1016.8,1014.4,0
28/01/2023,24,17.4,12,-2,-6.2,-9,31,20.6,12,22,12.8,0,1016.3,1012.5,1009.4,0
29/01/2023,26,17.5,9,6,1.6,-5,55,36.7,13,26,8.3,0,1011.4,1008.9,1006.4,0
30/01/2023,27,18,10,7,2.8,-4,76,42.9,14,15,7.2,0,1017.3,1013.9,1010.4,0
31/01/2023,25,19.2,13,3,0.7,-3,47,30.9,16,37,16.4,0,1020.3,1017.7,1016.3,0
01/02/2023,26,17.9,10,6,1.3,-3,62,36.1,15,30,12.3,0,1020.3,1016.5,1014.4,0
02/02/2023,28,18,9,6,2,-3,62,39.1,14,19,7,0,1017.3,1014.7,1012.4,0
03/02/2023,28,18.9,9,13,3.7,-4,68,43.1,12,19,6.8,0,1016.3,1013.9,1012.4,0
04/02/2023,29,20.5,13,18,10.6,0,88,59.4,15,17,8.2,0,1014.4,1011.9,1010.4,0
05/02/2023,28,21.1,14,19,15.7,12,94,74.2,39,35,14.3,0,1012.4,1009.9,1007.4,0
06/02/2023,31,24.7,20,19,15.2,5,94,61.1,19,20,8.4,0,1012.4,1010,1008.4,0
07/02/2023,30,21.7,14,14,7.3,-2,77,46.7,13,19,9.1,0,1013.4,1011.1,1009.4,0
08/02/2023,30,21.5,14,18,11.5,1,94,61.1,15,20,9,0,1013.4,1010.8,1009.4,0
09/02/2023,28,22.8,18,19,17.2,13,94,73.2,47,26,13.8,0,1011.4,1009.7,1008.4,0
10/02/2023,28,23.6,20,19,17.3,14,88,69.2,42,28,18,7,1011.4,1009.6,1008.4,0
11/02/2023,31,23.2,17,18,10.5,-3,94,54.3,11,24,11.3,6,1016.3,1013.4,1010.4,0
12/02/2023,29,22.4,15,14,2.9,-5,73,33.6,11,31,14.1,7,1019.3,1016.7,1014.4,0
13/02/2023,30,20.5,11,5,0.1,-6,58,29,10,22,9.3,0,1019.3,1016.3,1009.4,0
14/02/2023,31,21.4,13,18,10.5,4,78,52.7,19,19,8.2,0,1015.4,1013.4,1010.4,0
15/02/2023,31,22,14,18,13.3,8,94,64.5,24,19,7.8,0,1014.4,1012.1,1010.4,0
16/02/2023,32,22.2,13,18,15,11,94,69.2,29,19,9.2,0,1014.4,1011.8,1010.4,0
17/02/2023,32,22.5,14,17,12.2,6,88,57,27,19,8.1,0,1015.4,1012.6,1010.4,0
18/02/2023,33,22,12,16,11.6,7,88,58.1,21,19,7.4,0,1014.4,1012.3,1010.4,0
19/02/2023,33,22,15,19,14.6,11,88,66.7,27,26,10,0,1012.4,1010.6,1008.4,0
20/02/2023,31,23.4,18,20,17.8,16,94,73.3,43,22,11.3,0,1010.4,1009,1007.4,0
21/02/2023,33,24.3,19,20,17.4,7,94,69.5,20,24,9.3,0,1012.4,1010,1008.4,0
22/02/2023,28,23.2,20,20,17.5,15,88,72,48,26,15.2,6,1011.4,1009.8,1008.4,0
23/02/2023,30,23.1,17,18,16.1,12,94,67.1,33,22,9.6,0,1012.4,1010.6,1009.4,0
24/02/2023,30,23.4,17,19,16.1,13,94,66.7,35,26,9.7,0,1013.4,1011.8,1010.4,0
25/02/2023,32,24.5,18,20,15.3,8,88,61.9,22,24,11.6,0,1015.4,1013.4,1011.4,0
26/02/2023,33,25.3,21,21,18.3,14,94,68.8,31,19,9.8,0,1016.3,1014.6,1012.4,0
27/02/2023,34,24.6,17,19,15.6,6,94,64.2,21,20,8.6,0,1016.3,1014.1,1012.4,0
28/02/2023,34,24.2,17,20,14,2,94,63.2,14,22,9.6,0,1015.4,1013.2,1011.4,0
01/03/2023,32,24.3,20,20,16.6,9,100,67.3,25,19,8.6,0,1016.3,1014.3,1012.4,0
02/03/2023,33,26.4,21,17,11.6,5,73,43.1,17,37,14.2,0,1018.3,1015.9,1013.4,0
03/03/2023,34,26.6,21,15,10,2,61,39.1,13,28,10.5,0,1019.3,1016.3,1013.4,0
04/03/2023,34,27.3,22,13,9.6,3,57,35.3,14,20,12.3,0,1018.3,1015.7,1012.4,0
05/03/2023,35,27.2,19,15,9.9,3,56,36.6,13,26,9.4,0,1018.3,1015,1012.4,0
06/03/2023,35,27.8,21,15,10.7,5,56,37.2,15,28,9.8,0,1015.4,1012.6,1009.4,0
07/03/2023,35,26.7,19,15,10.7,6,60,38.9,16,26,8.8,0,1013.4,1011.2,1009.4,0
08/03/2023,34,26.6,19,17,12.2,6,68,44,17,22,8.6,0,1015.4,1012.6,1011.4,0
09/03/2023,35,27.3,19,17,9.1,2,69,38.1,12,22,10,0,1015.4,1013.1,1011.4,0
10/03/2023,36,26.9,18,10,4.9,0,52,28.8,10,24,9.3,0,1014.4,1012.3,1009.4,0
11/03/2023,35,27.1,17,14,5.7,-3,68,31.1,10,30,7.8,0,1013.4,1011.7,1009.4,0
12/03/2023,35,27.3,20,17,7.8,-1,65,33.7,10,26,11.3,0,1013.4,1010.9,1009.4,0
13/03/2023,34,25,17,18,11.4,2,83,50.1,14,24,7.5,0,1012.4,1010.5,1008.4,0
14/03/2023,32,25.3,18,19,15.8,6,83,60,20,22,9.8,0,1010.4,1008.5,1006.4,0
15/03/2023,31,26.4,23,21,18.3,14,83,62.8,37,28,12.6,0,1007.4,1006.3,1004.4,0
16/03/2023,31,26.2,19,22,19.9,18,94,70.3,46,30,15.2,6,1008.4,1006.3,1004.4,0
17/03/2023,32,26.8,24,22,19,13,83,64.7,31,22,9.1,0,1010.4,986.7,0,0
18/03/2023,32,26.4,21,21,15.2,10,94,54.7,26,22,8.8,0,1010.4,1007.6,1005.4,0
19/03/2023,32,25.8,21,18,15.4,11,83,55.3,27,24,10,0,1009.4,1006.4,1004.4,0
20/03/2023,30,25,21,19,16.4,10,88,60.5,37,28,11.1,0,1007.4,1005.3,1003.4,0
21/03/2023,31,24.9,19,18,13.6,5,78,52.5,19,28,10.9,0,1007.4,1005.5,1003.4,0
22/03/2023,31,24.7,21,19,15.5,8,83,59.6,25,26,11,0,1008.4,1006.4,1004.4,0
23/03/2023,27,24,21,21,18.3,13,88,72,42,26,11,0,1008.4,1005.9,1003.4,0
24/03/2023,31,25.3,21,18,11.9,1,78,47.5,15,30,17,7,1007.4,1005.7,1004.4,0
25/03/2023,30,25.2,21,18,14.6,8,73,54,25,31,12.5,0,1010.4,1008.4,1006.4,0
26/03/2023,32,25.7,20,19,13.5,6,94,51.4,21,22,9.8,0,1012.4,1010.1,1008.4,0
27/03/2023,33,26.7,20,21,13.2,3,88,51,15,28,11.8,0,1011.4,1009.2,1007.4,0
28/03/2023,31,25.5,0,19,16.3,0,78,56.5,0,26,15.6,0,1009.4,1007.6,1005.4,0
29/03/2023,30,26.5,24,20,18.8,17,78,63.1,45,31,19.9,11,1008.4,1006.9,1005.4,0
30/03/2023,31,25.7,22,21,17.1,10,88,62.1,27,30,13.5,0,1008.4,1006,1003.4,0
31/03/2023,31,26.6,23,21,18.8,15,83,63.4,46,33,16.9,7,1007.4,1005.3,1003.4,0
01/04/2023,32,26.6,22,20,16.2,10,83,56,27,41,18.8,7,1008.4,1006.7,1005.4,0
02/04/2023,31,26.2,22,21,18.8,17,83,65.1,45,33,18,7,1008.4,1006.3,1004.4,0
03/04/2023,31,27,24,21,19.5,17,83,64.6,46,31,19.8,9,1006.4,1005.1,1003.4,0
04/04/2023,31,26.3,22,19,16.3,12,73,55.7,31,30,14.3,7,1009.4,1007.1,1004.4,0
05/04/2023,34,26.8,22,19,13.5,3,78,49.7,15,30,14.7,6,1009.4,1007.2,1005.4,0
06/04/2023,33,26.4,20,19,16.3,11,83,56,26,24,11.5,0,1010.4,1008.7,1007.4,0
07/04/2023,36,27.8,0,19,14,0,83,47.4,0,30,12.6,0,1011.4,1010.3,1008.4,0
08/04/2023,36,28.3,22,19,13.8,2,78,46.8,12,24,11.2,0,1012.4,1011,1009.4,0
09/04/2023,35,27.6,23,20,15.7,7,74,50.2,18,28,11,0,1013.4,1010.9,1009.4,0
10/04/2023,31,26.1,23,22,18.6,15,88,65.2,42,20,9.7,0,1011.4,1009.5,1008.4,0
11/04/2023,32,26.5,21,20,17.7,14,83,60.9,35,20,10.2,0,1011.4,1009.6,1008.4,0
12/04/2023,35,28.7,23,21,17.2,10,83,54.1,22,26,12.5,0,1011.4,1009.5,1007.4,0
13/04/2023,37,29.1,25,23,18.8,14,89,56.4,29,28,14.3,7,1011.4,1008.8,1006.4,0
14/04/2023,35,28.6,25,23,21.2,17,89,65.8,34,28,16.2,7,1009.4,1007.5,1004.4,0
15/04/2023,34,28.6,24,23,21.1,13,89,66,41,30,14.6,6,1007.4,1005.7,1003.4,0
16/04/2023,34,28.6,25,24,21.3,18,89,66.2,38,24,16.5,7,1006.4,1004.9,1003.4,0
17/04/2023,34,29,25,23,18.4,12,89,56.5,28,30,14.9,0,1008.4,1006.1,1004.4,0
18/04/2023,34,29.6,26,22,17.2,11,78,51,24,48,17.8,7,1010.4,1008.5,1006.4,0
19/04/2023,34,29.4,25,21,14.4,8,78,43.3,20,28,15.2,0,1009.4,1006.4,1003.4,0
20/04/2023,37,29.2,25,22,18,10,83,53.9,20,31,15.5,0,1005.4,1003.1,1000.4,0
21/04/2023,34,28.5,25,22,20.4,18,83,62.8,43,26,17.2,7,1005.4,1002.8,1001.4,0
22/04/2023,34,28.9,25,22,20.1,16,83,61.2,34,30,17.4,9,1005.4,1003.6,1002.4,0
23/04/2023,38,30.3,26,23,16.8,4,83,50.8,12,28,13.4,0,1006.4,1004.3,1002.4,0
24/04/2023,37,29.8,24,22,16.3,6,78,48.5,15,19,9.7,0,1007.4,1006.1,1004.4,0
25/04/2023,37,29.6,25,23,17.6,3,83,53.5,13,26,12.1,0,1008.4,1006.2,1004.4,0
26/04/2023,35,29.9,27,19,13.7,8,61,38.2,20,33,16,0,1006.4,1004.6,1003.4,0
27/04/2023,34,28.4,26,21,18.6,14,74,57.2,30,30,17.7,6,1006.4,1004.7,1003.4,0
28/04/2023,32,27.6,25,22,18.3,14,78,58.1,35,30,15.1,0,1007.4,1005.6,1003.4,0
29/04/2023,32,26.4,22,20,16.9,13,83,57.5,31,26,8.5,0,1007.4,984.1,0,0
30/04/2023,31,26.3,21,20,17.3,13,83,59.8,35,33,10,0,1005.4,1003.5,1001.4,0
01/05/2023,33,28.1,24,23,19,15,83,59.5,36,37,13.4,0,1005.4,961,0,0
02/05/2023,34,28.4,21,22,16.6,12,74,49.1,0,26,11.7,0,1006.4,1004.1,1002.4,0
03/05/2023,34,29.2,25,24,21.3,18,89,63.8,43,30,12.6,0,1008.4,1006.2,1003.4,0
04/05/2023,35,29.4,24,23,18.9,14,83,55.4,32,26,12.4,0,1007.4,1005.3,1003.4,0
05/05/2023,34,29.1,25,23,21,18,89,63.1,43,35,14.8,0,1006.4,1005,1003.4,0
06/05/2023,36,29.9,25,23,21.2,17,89,61.5,34,33,16.5,7,1007.4,1005,1003.4,0
07/05/2023,38,30,26,24,22.6,20,84,65.8,44,30,16.4,7,1006.4,1004.3,1002.4,0
08/05/2023,36,30.3,26,25,22.6,18,89,65.7,38,31,15.5,6,1005.4,1003.3,1001.4,0
09/05/2023,35,30.1,25,25,22.1,17,94,65.3,34,24,11.8,0,1006.4,1004.6,1003.4,0
10/05/2023,38,31,25,24,18,7,94,54.4,17,26,12.6,7,1007.4,1005.1,1003.4,0
11/05/2023,40,31.8,24,24,18.4,4,94,52.4,12,43,17.4,7,1006.4,1004.7,1002.4,0
12/05/2023,38,32.1,27,24,19.9,16,79,51,29,30,16.1,7,1005.4,1003.9,1002.4,0
13/05/2023,38,32,28,24,20,15,74,51,25,31,20.3,9,1005.4,1003.4,1001.4,0
14/05/2023,36,30.9,28,25,23.7,21,84,66.8,41,30,20.4,9,1004.4,1002.3,1000.4,0
15/05/2023,35,30.7,28,25,24,22,84,68.1,49,30,23.6,13,1003.4,1001.5,1000.4,0
16/05/2023,34,31,29,25,23.9,22,79,66.7,49,43,24.9,13,1005.4,1003.6,1001.4,0
17/05/2023,35,31,29,25,23.3,21,79,64.5,44,39,26.1,15,1006.4,1004.5,1002.4,0
18/05/2023,34,30.8,26,25,23.2,21,89,64.9,46,28,20.2,9,1008.4,1006.7,1004.4,0
19/05/2023,36,30.9,24,25,24,22,94,67.6,47,30,16.7,9,1008.4,1006.4,1004.4,0
20/05/2023,35,30.7,28,25,22.9,21,79,64.5,46,31,21.1,11,1006.4,1005,1003.4,0
21/05/2023,34,30.9,28,24,23.3,22,79,64.4,49,41,24,7,1006.4,1005.2,1003.4,0
22/05/2023,34,30.8,28,25,24.2,23,84,68,52,33,24.1,15,1006.4,1005,1003.4,0
23/05/2023,34,31.1,29,26,24.7,23,84,69.5,52,41,23.6,15,1006.4,1004.8,1003.4,0
24/05/2023,35,31.2,29,26,25.1,23,84,71,49,41,25,7,1006.4,1003.6,1002.4,0
25/05/2023,35,31.3,29,26,25,23,84,70,52,48,29.5,19,1003.4,1002.3,1001.4,0
26/05/2023,35,31.2,27,26,25,24,94,70,53,46,28.8,15,1004.4,1002.2,1001.4,0
27/05/2023,35,31.3,29,26,25.1,24,84,70.3,53,41,24.5,9,1003.4,1001.9,1000.4,0
28/05/2023,35,30.5,0,25,23.7,0,79,65.7,0,33,23.3,11,1004.4,1002.8,1001.4,0
29/05/2023,35,31.4,28,26,22.9,19,84,62.4,39,33,15.1,0,1006.4,1004.5,1001.4,0
30/05/2023,35,30.3,0,25,22.7,0,79,62.6,0,37,20.7,7,1007.4,1005.9,1004.4,0
31/05/2023,34,30.9,28,25,23,21,79,63.1,46,43,24.5,6,1007.4,1004.9,1003.4,0
01/06/2023,35,31.2,29,25,24.1,23,79,66.2,52,37,26.5,15,1004.4,1002.6,1001.4,0
02/06/2023,35,31.4,29,26,24.6,21,84,67.5,52,30,18.6,7,1004.4,1002.8,1001.4,0
03/06/2023,36,31.8,29,26,24.2,21,84,65.5,46,31,19.6,7,1003.4,1002.2,1000.4,0
04/06/2023,35,31.4,29,25,23.7,22,79,64.3,49,33,18.7,0,1004.4,1002.6,1000.4,0
05/06/2023,35,31.4,29,25,24,22,79,65.7,49,35,18.9,7,1003.4,1002,1000.4,0
06/06/2023,35,31.6,29,26,24.9,24,79,68.5,53,33,19.6,9,1004.4,1000.5,997.4,0
07/06/2023,35,31.5,30,26,25.2,24,79,69.8,53,24,18.5,11,1002.4,1000.2,998.4,0
08/06/2023,35,31.6,29,26,24.3,22,84,65.6,47,30,17.9,7,1003.4,1001.6,999.4,0
09/06/2023,35,31.3,29,26,24.1,22,79,65.9,47,37,23.8,15,1002.4,1000,998.4,0
10/06/2023,35,31.5,29,24,23.1,22,74,61.6,47,26,19.3,9,1000.4,873.8,0,0
11/06/2023,37,32.8,29,25,22.3,19,79,55.3,39,30,11,0,999.4,914.2,0,0
12/06/2023,39,34.4,30,24,20.6,16,62,46.1,26,28,13.3,0,996.4,995.3,993.4,0
13/06/2023,38,33,30,24,21.1,20,66,50,35,44,28.3,15,996.4,994.6,992.4,0
14/06/2023,33,30.2,28,25,22.6,21,79,63.8,52,46,27.5,15,996.4,995.2,994.4,0
15/06/2023,34,29.5,28,26,23.4,22,89,70.5,49,48,32.7,13,995.4,993.7,991.4,0
16/06/2023,37,32.2,29,27,23.4,19,79,61.2,37,33,19.4,6,996.4,952.9,0,0
17/06/2023,35,32,30,27,25.1,22,84,67.5,49,33,22.1,7,1000.4,891.5,0,0
18/06/2023,35,31.6,30,26,24.3,22,79,65.5,49,35,23.8,11,1000.4,999.4,997.4,0
19/06/2023,35,31.3,29,26,23.9,22,79,65,47,37,25.4,15,1000.4,999.1,997.4,0
20/06/2023,34,31.3,29,25,23.9,23,79,65.5,52,44,26.2,15,999.4,998.3,996.4,0
21/06/2023,34,31.3,29,26,24.8,24,79,68.5,56,30,22.7,7,999.4,998.5,997.4,0
22/06/2023,34,31.6,29,26,23.9,22,84,64,49,33,23,9,1004.4,999.3,997.4,0
23/06/2023,35,31.6,29,25,23.9,13,79,63.9,29,33,22,13,1000.4,998.8,997.4,0
24/06/2023,36,32,30,25,23.3,21,74,60.8,44,37,21.3,9,999.4,748.4,0,0
25/06/2023,36,32.2,30,26,23.7,21,75,61.2,44,33,22.1,11,999.4,872.2,0,0
26/06/2023,36,32.2,30,26,24.2,22,75,63.1,44,31,20.7,11,1004.4,933.9,0,0
27/06/2023,37,32.3,29,26,23.8,22,75,61.5,44,33,17.7,7,1001.4,997.9,996.4,0
28/06/2023,35,31.9,28,26,24.2,21,79,64.3,44,26,15.2,0,1001.4,999.2,997.4,0
29/06/2023,35,31.9,30,26,25,23,79,67.1,49,37,24.7,11,1000.4,998.7,996.4,0
30/06/2023,35,32.1,30,25,24.5,23,74,64.5,52,46,32,19,999.4,997.2,994.4,0
01/07/2023,36,32.5,30,34,24.2,21,95,62.3,41,37,26.6,9,1004.4,997.8,996.4,0
02/07/2023,36,32.4,30,26,24,22,75,62.1,47,26,18.3,11,1000.4,998.7,996.4,0
03/07/2023,37,32.8,30,26,24.1,22,75,61.3,42,30,18,7,999.4,807.4,0,0
04/07/2023,36,32.1,30,25,24,22,74,62.5,47,35,22.7,7,998.4,975.3,0,0
05/07/2023,35,32,30,25,24.3,22,74,63.9,47,35,23.1,9,996.4,994,992.4,0
06/07/2023,35,32.3,31,27,24.7,22,79,64.4,53,26,16.2,0,998.4,996.1,994.4,0
07/07/2023,38,32.8,31,27,25,16,79,64.4,38,30,14.5,7,998.4,997.2,994.4,0
08/07/2023,34,31,27,28,26.1,24,89,75.9,56,31,14.6,7,999.4,997.9,996.4,0
09/07/2023,36,31.7,28,27,25.5,22,89,70.1,52,33,17.4,4,1000.4,998.8,997.4,0
10/07/2023,35,31.6,29,25,23.7,22,79,63.2,49,33,22.2,13,1001.4,999.7,998.4,0
11/07/2023,35,31.8,30,25,23.4,22,74,61.5,47,37,21.7,7,1001.4,1000.6,999.4,0
12/07/2023,35,31.5,30,24,23,22,70,60.7,49,35,23.3,15,1000.4,999,997.4,0
13/07/2023,34,30.8,29,25,23.5,22,79,65.4,52,37,25.5,15,999.4,998.5,997.4,0
14/07/2023,33,30.6,29,25,24,24,74,67.9,59,37,23.7,0,1010.4,999.9,998.4,0
15/07/2023,32,30.7,29,24,23.7,22,74,65.9,58,39,27.9,17,1001.4,999.6,997.4,0
16/07/2023,31,29.7,28,26,24.8,24,89,74.5,70,33,23.6,9,1000.4,998.9,997.4,0
17/07/2023,34,30.8,28,26,25.1,25,84,71.7,59,31,21.2,15,999.4,998.2,996.4,0
18/07/2023,34,31.1,28,26,25,24,89,70.5,56,35,22.8,15,999.4,997.2,995.4,0
19/07/2023,34,30.9,29,25,24.8,24,79,70.3,56,35,23,11,998.4,974.9,0,0
20/07/2023,35,31.3,29,26,25,24,79,69.3,53,20,14.8,6,999.4,996.9,994.4,0
21/07/2023,36,31.3,28,29,25.6,24,94,72.8,50,26,14.7,0,1000.4,998.2,996.4,0
22/07/2023,34,31.3,29,27,25.4,23,84,71.1,59,20,13.8,7,1000.4,999.1,997.4,0
23/07/2023,35,30.8,28,27,24.8,23,94,71.3,49,50,11.5,0,999.4,998,995.4,0
24/07/2023,33,29.4,28,27,25.6,24,89,80,63,28,14.5,0,998.4,996.3,994.4,0
25/07/2023,31,28.7,27,35,26,25,94,82.7,0,17,7.8,0,1000.4,998.5,997.4,0
26/07/2023,34,30.3,28,27,24.8,23,89,73.1,52,26,11.7,0,1002.4,1000.4,998.4,0
27/07/2023,33,30.1,28,26,24.8,16,89,73.8,48,33,18.6,0,1002.4,1000.8,998.4,0
28/07/2023,34,29.5,27,29,24.5,23,89,74.8,59,39,27,15,1001.4,999.6,997.4,0
29/07/2023,32,29.9,28,25,24.2,22,84,71.5,55,43,29.1,15,999.4,998.4,997.4,0
30/07/2023,32,29.8,28,25,24.6,23,84,73.9,59,33,22.5,9,999.4,998.4,997.4,0
31/07/2023,32,29.7,28,26,24.8,23,84,75.2,62,30,21.3,11,999.4,997.9,996.4,0
01/08/2023,31,28.8,0,26,24.5,0,84,75.6,0,33,20.7,15,999.4,976.9,0,0
02/08/2023,32,29.4,28,25,24.2,23,84,73.6,62,37,26,19,998.4,976.8,0,0
03/08/2023,31,29.6,29,25,24,23,79,71.6,62,30,22.2,13,998.4,851.8,0,0
04/08/2023,31,29.5,29,25,23.8,23,79,71.5,62,26,18,9,1000.4,998.7,997.4,0
05/08/2023,33,29.9,28,26,22.7,21,79,65.6,52,35,22.1,9,1002.4,1001.2,999.4,0
06/08/2023,30,28.8,27,25,24.1,23,89,76,66,43,28.4,15,1002.4,999.9,998.4,0
07/08/2023,29,28.3,28,24,23.9,22,79,77,70,48,30.7,0,998.4,997.4,995.4,0
08/08/2023,30,28.5,27,24,23.6,23,84,74.9,66,44,27.1,13,1000.4,997.9,996.4,0
09/08/2023,31,28.4,27,24,23.4,22,84,74.5,58,37,25.2,13,1003.4,1001.3,999.4,0
10/08/2023,29,28.4,28,24,23.1,21,79,73.1,66,35,24.8,15,1003.4,1002.2,1000.4,0
11/08/2023,30,28,27,24,23.1,22,79,75,62,39,25,13,1003.4,980.8,0,0
12/08/2023,30,27.9,26,25,23.2,21,89,76,66,46,29.7,11,1003.4,1001.8,1000.4,0
13/08/2023,29,27.9,27,24,23.6,23,84,77.8,74,37,25.4,15,1000.4,998.5,996.4,0
14/08/2023,30,27.7,26,25,24.2,20,94,81.9,55,28,20.1,11,1001.4,999,997.4,0
15/08/2023,31,28.5,27,24,23.4,22,84,74.3,58,30,16.8,9,1003.4,1001.4,999.4,0
16/08/2023,30,27.9,26,25,23.3,22,94,76.8,62,30,19.5,0,1004.4,1003.3,1002.4,0
17/08/2023,31,28.2,27,23,22.1,21,79,69.9,58,44,26.8,11,1004.4,1003.5,1002.4,0
18/08/2023,32,28.1,26,23,21.9,21,79,69.3,52,44,27.4,15,1004.4,1002.6,1001.4,0
19/08/2023,31,28.4,26,22,21.9,21,78,67.9,55,35,24.1,13,1003.4,1002.1,1001.4,0
20/08/2023,33,28.4,26,23,22.1,21,83,69,49,30,20.4,9,1005.4,1002.3,1001.4,0
21/08/2023,34,28.8,27,24,22.5,21,79,69.5,46,35,23.5,11,1003.4,1001.8,1000.4,0
22/08/2023,30,27.9,27,23,22.3,21,79,71.9,58,43,28.7,15,1002.4,1001.1,1000.4,0
23/08/2023,30,27.4,26,24,22.7,22,84,75.5,62,44,27.2,9,1001.4,999.1,997.4,0
24/08/2023,30,28,27,24,23.1,22,84,75.1,62,44,28.9,15,998.4,997.4,994.4,0
25/08/2023,31,28,27,24,22.8,22,84,73.7,58,33,22.2,9,1000.4,998,996.4,0
26/08/2023,31,28.4,27,23,22.2,20,79,69.9,52,33,23.4,11,1003.4,1000,998.4,0
27/08/2023,32,28.5,27,25,21.6,18,79,67.4,46,41,25.5,13,1003.4,1001.9,1000.4,0
28/08/2023,31,27.8,0,23,21.3,0,79,66.4,0,44,28.1,13,1002.4,1000.8,998.4,0
29/08/2023,30,28.1,27,23,21.9,21,79,69,58,30,20.7,11,1004.4,1001.9,1000.4,0
30/08/2023,33,28.6,26,23,22,20,83,68.9,46,30,16.5,7,1006.4,1004.4,1003.4,0
31/08/2023,32,28.3,26,24,22.3,21,84,70.5,52,24,16.8,7,1005.4,1004.8,1003.4,0
01/09/2023,32,28.3,26,23,21.8,19,83,68.7,46,30,15.5,7,1006.4,1005.2,1003.4,0
02/09/2023,33,28.9,26,23,21,18,79,63.9,41,33,19.4,9,1006.4,1004.8,1003.4,0
03/09/2023,31,28.4,27,23,21.3,20,79,66.2,52,30,20.3,7,1004.4,1003.3,1001.4,0
04/09/2023,30,28,27,23,22.7,21,79,73,62,33,21.1,11,1003.4,1002,1000.4,0
05/09/2023,31,28.2,27,24,22.5,21,79,71.7,55,30,17.1,7,1003.4,1002.2,1001.4,0
06/09/2023,34,29,26,24,23,22,89,71,49,22,13.9,6,1004.4,1003.1,1001.4,0
07/09/2023,34,29.9,27,24,22.9,21,84,67.5,46,30,18.1,7,1004.4,1002.9,1000.4,0
08/09/2023,31,28.6,28,24,23.3,22,79,73.1,58,22,16.4,11,1003.4,1002.4,1000.4,0
09/09/2023,34,29.7,28,24,22.5,20,79,65.9,46,26,19.6,7,1003.4,1001.3,999.4,0
10/09/2023,33,29.3,27,23,22.5,21,79,67.4,49,31,23.6,15,1001.4,1000.3,998.4,0
11/09/2023,33,29,27,23,22,20,79,66.5,46,39,24.5,15,1002.4,1000.9,998.4,0
12/09/2023,32,28.6,27,23,22.3,21,79,69.3,52,35,24.6,13,1002.4,1001.3,1000.4,0
13/09/2023,32,28.7,27,24,22.8,21,84,70.6,52,30,19.8,9,1002.4,1000.8,999.4,0
14/09/2023,32,29,27,26,23.3,21,84,71.9,52,26,15.8,9,1002.4,1001.7,1000.4,0
15/09/2023,34,29.3,26,24,22.9,21,84,69.7,46,30,16.6,7,1003.4,1002.5,1001.4,0
16/09/2023,35,30,28,25,23,20,84,66.9,41,31,17.7,7,1003.4,1001.6,999.4,0
17/09/2023,35,30.5,28,24,23.5,22,79,66.7,47,26,17.4,11,1001.4,999.3,997.4,0
18/09/2023,35,30.6,28,25,24.1,23,84,68.9,49,26,15,6,1000.4,998.8,997.4,0
19/09/2023,36,31.5,28,25,23.7,19,84,64.6,37,22,10.8,0,1002.4,1000.9,999.4,0
20/09/2023,35,30.8,28,26,23,21,89,64,44,46,14,0,1003.4,1001,997.4,0
21/09/2023,35,31.1,28,26,23.5,21,89,65.9,44,41,18.8,6,1002.4,1001.5,999.4,0
22/09/2023,35,30.9,27,25,23.7,21,84,66.5,44,24,9.2,0,1004.4,1002.2,1000.4,0
23/09/2023,35,30.9,28,25,23.3,21,79,64.5,47,28,15.2,7,1004.4,1003,1001.4,0
24/09/2023,33,29.8,28,24,22.6,21,79,66.3,49,30,17,4,1005.4,1003.5,1001.4,0
25/09/2023,33,29.3,26,23,20.3,17,83,59.4,40,19,12.1,6,1004.4,1002.9,1001.4,0
26/09/2023,34,28.8,24,21,19,15,83,57.2,32,22,9.7,0,1006.4,1004.7,1003.4,0
27/09/2023,37,30.5,26,23,19.8,16,79,55.2,29,22,9.5,0,1007.4,1005.4,1003.4,0
28/09/2023,39,31.6,27,24,19.7,14,79,53.3,24,24,11.3,0,1006.4,983.4,0,0
29/09/2023,37,30.4,26,25,22,15,84,64.3,27,26,11.5,4,1006.4,1003.9,1002.4,0
30/09/2023,40,31.4,25,25,16.1,2,94,50.6,9,24,7,0,1006.4,1004.4,1002.4,0
01/10/2023,38,30.8,24,23,13.2,2,74,37.5,11,28,8.9,0,1006.4,1004.3,1002.4,0
02/10/2023,36,28.5,21,21,18.9,15,78,57.4,34,26,8.3,0,1006.4,1004.8,1003.4,0
03/10/2023,33,28.8,25,25,22.8,19,94,71.1,52,26,11.2,0,1008.4,1006.4,1005.4,0
04/10/2023,33,29.1,26,24,23.3,22,89,71.8,52,26,14.4,6,1009.4,1006.8,1004.4,0
05/10/2023,33,29.6,27,24,22.7,22,84,67,52,30,17,7,1008.4,1006.2,1004.4,0
06/10/2023,33,29.5,27,24,22.9,21,84,68.3,52,30,19,7,1007.4,1005,1003.4,0
07/10/2023,32,29.9,28,24,23.2,22,79,67.6,55,31,19,9,1007.4,1005.9,1004.4,0
08/10/2023,33,30.1,28,25,23.9,22,84,70,55,30,18.2,0,1009.4,1007.2,1005.4,0
09/10/2023,34,30,28,25,24,23,84,70.9,52,37,21.1,7,1010.4,1008.2,1006.4,0
10/10/2023,34,29.9,28,24,23,21,79,67,46,28,17.6,7,1010.4,1007.9,1006.4,0
11/10/2023,34,29.8,27,25,23.1,21,84,69.1,49,28,12,6,1011.4,1009,1007.4,0
12/10/2023,34,29.3,26,24,22.8,21,89,69.3,46,30,15,7,1011.4,1009.6,1008.4,0
13/10/2023,35,29.5,24,26,21.3,13,94,64.2,26,22,12.5,6,1012.4,1010.3,1008.4,0
14/10/2023,33,28.9,25,23,21.8,20,83,66,46,26,15.3,7,1011.4,1009.6,1008.4,0
15/10/2023,32,29.5,28,24,23,21,79,68.2,52,37,18.5,7,1009.4,1008,1005.4,0
16/10/2023,32,28.3,25,22,20.5,17,70,62.4,55,37,17.3,0,1009.4,1007.8,1006.4,0
17/10/2023,33,29.1,27,24,21.8,20,84,65.3,49,28,14.3,4,1012.4,1009.7,1008.4,0
18/10/2023,34,29.7,26,23,17.8,14,74,50.8,30,30,13.3,0,1015.4,1013,1011.4,0
19/10/2023,34,29.3,26,24,19.7,16,79,57.8,34,26,13.7,6,1014.4,1011.8,1008.4,0
20/10/2023,34,29.1,25,24,21.5,19,84,64.9,41,22,10.5,0,1013.4,1011.4,1009.4,0
21/10/2023,36,29.7,25,24,19,9,89,59.1,19,22,10.1,0,1014.4,1011.9,1010.4,0
22/10/2023,36,29.1,24,24,20.1,10,94,62.7,22,26,7.8,0,1014.4,1012.2,1010.4,0
23/10/2023,35,28.9,23,24,19.8,13,89,61.2,30,22,10.3,0,1013.4,1011.8,1009.4,0
24/10/2023,36,28.9,23,23,17.5,10,74,52.9,22,28,10.1,0,1012.4,1010.6,1008.4,0
25/10/2023,36,29.3,24,24,20.4,13,89,62.5,25,26,9.6,0,1014.4,1012,1010.4,0
26/10/2023,36,29.1,24,24,20.3,14,89,63.3,27,24,11,6,1014.4,1011.9,1009.4,0
27/10/2023,34,29,25,24,22.1,19,89,68,41,28,12.6,6,1012.4,1009.7,1007.4,0
28/10/2023,33,28.7,24,25,19.6,9,89,61.4,24,26,11.3,0,1011.4,1009.8,1008.4,0
29/10/2023,35,27.2,21,22,14.5,9,78,48.6,20,20,7.6,0,1013.4,1010.8,1008.4,0
30/10/2023,35,28,22,22,15,0,88,52.9,15,19,8.3,0,1012.4,1010.9,1008.4,0
31/10/2023,37,29.3,22,18,10.1,5,65,34.9,14,20,8.4,0,1013.4,1011.4,1009.4,0
01/11/2023,36,29.9,23,13,10.5,6,50,31.6,16,56,9,0,1014.4,1012,1010.4,0
02/11/2023,37,29.4,22,16,10,5,54,32.8,14,22,7.3,0,1013.4,1011.4,1009.4,0
03/11/2023,36,28.6,22,21,14.5,1,73,48,12,28,9.1,0,1014.4,1009.1,1006.4,0
04/11/2023,33,27.3,22,22,18.4,9,83,60.4,28,22,8.9,0,1010.4,1008.9,1007.4,0
05/11/2023,35,27.7,22,24,16.5,7,88,54,0,20,7.5,0,1012.4,1010.5,1008.4,0
06/11/2023,35,27.5,20,21,13.8,6,83,48.2,16,19,4.2,0,1013.4,1011.5,1009.4,0
07/11/2023,34,27.6,22,16,12.3,10,61,41,23,26,10.3,0,1014.4,1011.4,1009.4,0
08/11/2023,32,26.7,22,17,14,12,65,46.7,29,22,6.8,0,1012.4,1011,1009.4,0
09/11/2023,32,26.4,21,22,16.1,12,83,55.5,29,20,8.9,0,1013.4,1011.3,1009.4,0
10/11/2023,35,27.5,22,22,11.5,0,94,48,11,15,6.3,0,1015.4,1012.5,1010.4,0
11/11/2023,33,25.8,17,10,5.3,-1,48,29.4,11,19,5.8,0,1017.3,1015.4,1013.4,0
12/11/2023,33,24.4,16,13,9.5,1,68,43.1,13,22,7.6,0,1017.3,1015.2,1011.4,0
13/11/2023,32,24.1,18,15,12.7,9,73,51.1,24,15,5.8,0,1015.4,1014,1011.4,0
14/11/2023,32,25.1,18,14,7.7,2,64,36.8,15,24,11.3,0,1016.3,1014,1011.4,0
15/11/2023,31,25.2,21,10,6.8,3,49,32.4,17,20,13,0,1016.3,1014.3,1012.4,0
16/11/2023,31,24.6,19,10,6.4,-1,52,33.2,13,19,10.4,0,1016.3,1014.5,1013.4,0
17/11/2023,30,24.3,20,11,5.8,-1,52,32.5,15,24,13.7,6,1017.3,1014.6,1012.4,0
18/11/2023,31,23.6,20,10,6.3,1,52,35.2,15,17,7.7,0,1015.4,1012.9,1005.4,0
19/11/2023,30,22.4,15,9,6.6,5,59,38.1,20,19,9.2,0,1015.4,1013.5,1011.4,0
20/11/2023,30,24,0,10,7.1,0,49,33.5,0,30,15.3,6,1016.3,1014,1012.4,0
21/11/2023,31,24.5,19,8,6.4,4,46,32.4,18,22,11.5,4,1016.3,1013.7,1011.4,0
22/11/2023,31,22.9,14,17,9.3,3,78,45.6,18,19,7.2,0,1014.4,1012,1010.4,0
23/11/2023,33,24.6,18,19,16.3,11,88,64.5,26,22,7,0,1011.4,1009,1006.4,0
24/11/2023,31,24.2,18,19,13.3,8,88,55.3,27,24,13,6,1013.4,1010.8,1008.4,0
25/11/2023,30,25.7,22,10,7.8,5,44,33.1,22,28,18.1,7,1014.4,1011.6,1009.4,0
26/11/2023,27,21.1,17,15,12.2,7,82,58.4,32,37,18.1,0,1015.4,1012.4,1010.4,0
27/11/2023,27,21.3,17,12,9.8,6,72,50,28,31,12.9,0,1014.4,1012.1,1010.4,0
28/11/2023,28,21.2,16,12,7.9,4,72,44.5,21,22,11.6,0,1015.4,1012.7,1010.4,0
29/11/2023,29,21.1,14,13,7.1,3,64,44.3,19,19,8,0,1015.4,1012.8,1010.4,0
30/11/2023,29,21.6,15,14,11.3,9,73,53.8,33,22,7,0,1015.4,1013.4,1011.4,0
01/12/2023,29,22.1,15,14,8.4,5,77,46.1,22,26,8.8,0,1016.3,1014.2,1012.4,0
02/12/2023,28,22.6,16,11,8.2,5,63,41.3,23,26,14.5,7,1016.3,1014.1,1011.4,0
03/12/2023,29,22.7,18,11,7.7,1,60,40.9,16,22,11.8,6,1017.3,993.5,0,0
04/12/2023,29,21.3,14,8,5.6,-1,63,39.7,14,17,7.7,0,1016.3,1014.1,1012.4,0
05/12/2023,29,21.8,14,8,4.5,0,55,35.1,15,22,9.3,0,1015.4,1013.3,1011.4,0
06/12/2023,28,20,0,7,3.6,-1,59,35.8,0,22,10.9,0,1016.3,1013.6,1011.4,0
07/12/2023,28,20.7,0,7,3.8,0,51,33,0,24,12,6,1016.3,1013.9,1011.4,0
08/12/2023,29,20.4,12,14,6.6,2,73,43.7,19,19,7.6,0,1015.4,1012.9,1010.4,0
09/12/2023,29,21,15,18,14,7,88,67.6,25,15,6.9,0,1016.3,1013.5,1011.4,0
10/12/2023,29,21.4,14,18,14,7,94,67.2,25,19,5.8,0,1014.4,1012.6,1011.4,0
11/12/2023,29,21.6,14,18,13.3,1,94,64.1,18,24,9.1,0,1013.4,1011.5,1009.4,0
12/12/2023,30,21.5,15,18,10.8,3,88,57.3,18,19,8.8,0,1012.4,1010.1,1008.4,0
13/12/2023,28,20.8,15,11,6.8,3,64,43.1,20,26,9.2,0,1014.4,1012.5,1011.4,0
14/12/2023,28,20.4,13,7,4.6,1,63,39.1,17,15,7,0,1015.4,1013.4,1011.4,0
15/12/2023,28,20.3,13,9,6,3,63,42.2,20,13,6.2,0,1016.3,1014.1,1012.4,0
16/12/2023,28,20.8,13,17,11.6,7,78,57,32,19,7.9,0,1017.3,1014.8,1012.4,0
17/12/2023,27,21.1,16,16,9.4,3,88,53,26,19,10.7,0,1017.3,1015.2,1003.4,0
18/12/2023,26,20.4,16,7,2,-1,49,30.8,17,33,18.9,7,1019.3,1017.8,1016.3,0
19/12/2023,25,19.9,14,2,1.2,1,44,29.3,21,24,13,0,1020.3,1017.9,1015.4,0
20/12/2023,27,20.1,12,4,0.2,-4,45,28.2,14,26,10.9,0,1018.3,1016.5,1013.4,0
21/12/2023,27,19.8,11,6,0.1,-2,44,29,15,11,4.1,0,1017.3,1014.7,1012.4,0
22/12/2023,29,21.5,15,8,0.7,-5,55,28,11,15,7.5,0,1015.4,1013.1,1010.4,0
23/12/2023,29,20.7,12,7,-0.1,-5,59,29.7,11,22,11.6,0,1017.3,1014.7,1013.4,0
24/12/2023,28,22.4,18,3,-0.8,-4,28,21.9,13,30,19.3,0,1020.3,1017.2,1014.4,0
25/12/2023,31,22.4,16,7,1.9,-4,52,28.4,11,19,11.2,0,1018.3,1016.4,1013.4,0
26/12/2023,28,19.6,12,16,8.8,4,78,51.5,30,19,7.3,0,1018.3,1015.5,1013.4,0
27/12/2023,28,20.9,15,15,6.5,-2,83,44.5,17,26,12.4,6,1019.3,1016.7,1015.4,0
28/12/2023,29,21.6,16,5,2.5,-8,40,29.8,10,22,11.2,7,1017.3,1015,1012.4,0
29/12/2023,30,20.9,14,3,0.8,-3,48,29.3,12,17,8,0,1016.3,1013.9,1011.4,0
30/12/2023,29,21.5,15,8,4.2,1,52,33.9,16,22,9.5,0,1016.3,1014,1011.4,0
31/12/2023,27,19.4,12,7,3.2,-1,67,38,17,19,8.9,0,1016.3,1014.4,1011.4,0
01/01/2024,27,19.7,13,7,2.9,-1,55,35.5,16,22,8.7,0,1017.3,1014.8,1012.4,0
02/01/2024,26,18.9,13,11,5.9,4,58,43.6,32,15,7.8,0,1016.3,1014,1011.4,0
03/01/2024,25,19.5,15,10,6.8,5,55,44.2,34,22,10.4,0,1015.4,1013,1010.4,0
04/01/2024,24,18.3,15,7,5.7,4,59,44.8,29,17,10.8,6,1017.3,1014.1,1012.4,0
05/01/2024,25,18.2,12,7,5.3,3,67,45.6,24,17,8.1,0,1016.3,1014.2,1012.4,0
06/01/2024,30,19.3,14,7,6.3,3,63,43.8,23,22,13,0,1018.3,1015.6,1013.4,0
07/01/2024,25,18.7,13,9,5.4,-1,67,44.2,25,22,11.9,6,1019.3,1015.9,1013.4,0
08/01/2024,26,18.8,11,12,4.8,-1,56,40.6,22,15,7.2,0,1018.3,1015.7,1013.4,0
09/01/2024,25,18.4,13,6,2.4,-3,59,38,16,28,14.8,7,1019.3,1017.4,1015.4,0
10/01/2024,34,18.1,11,8,1.4,-2,62,36.5,11,19,9.5,0,1019.3,1017,1014.4,0
11/01/2024,26,17.5,9,9,2.2,-1,63,39.1,20,17,5.3,0,1018.3,1015.7,1013.4,0
12/01/2024,26,17.8,9,8,2.1,-4,62,40.2,14,19,8,0,1017.3,1014.2,1012.4,0
13/01/2024,27,18.5,10,15,9,4,83,56.8,26,19,8.8,0,1016.3,1013.4,1011.4,0
14/01/2024,28,19.9,14,16,12.9,4,88,66.7,32,17,8.1,0,1016.3,1014.5,1012.4,0
15/01/2024,26,19.8,14,17,12.4,9,83,63.7,41,20,7.8,0,1016.3,1013.6,1011.4,0
16/01/2024,28,21.4,15,19,16.1,13,94,74,39,22,10.6,0,1011.4,1009.5,1007.4,0
17/01/2024,26,20.8,17,17,12,8,88,58.9,39,20,10.3,6,1013.4,1010,1008.4,0
18/01/2024,26,19,12,10,6.7,3,82,48.8,23,17,8.5,0,1015.4,1013.5,1011.4,0
19/01/2024,27,18.8,12,9,5.4,3,62,44,23,19,5.8,0,1016.3,1014.1,1011.4,0
20/01/2024,26,20,15,17,12.6,7,88,63,47,19,7.6,0,1016.3,1014.4,1013.4,0
21/01/2024,27,20.4,15,16,11.3,8,88,60.1,32,17,9.1,0,1017.3,1015,1013.4,0
22/01/2024,28,20.5,15,15,12.1,7,73,59.2,42,26,9.8,0,1016.3,1014.4,1012.4,0
23/01/2024,27,20.2,15,15,10.1,2,88,58,21,24,9.2,0,1017.3,1014.9,1012.4,0
24/01/2024,25,17.6,11,10,8.3,7,82,57.3,34,15,8.2,0,1017.3,1015.2,1012.4,0
25/01/2024,25,18.4,12,16,11.2,7,82,63.8,44,19,9.8,4,1017.3,1015.3,1013.4,0
26/01/2024,25,19.4,15,10,8.3,7,68,50,34,19,11.9,7,1019.3,1017.1,1015.4,0
27/01/2024,26,19.4,13,7,5.6,4,63,41.8,28,20,10.2,6,1019.3,1017.3,1014.4,0
28/01/2024,25,19,13,16,9.3,5,78,54.4,33,24,9.8,0,1016.3,1014.6,1012.4,0
29/01/2024,28,22.4,17,20,17,15,88,73.1,45,24,8.2,0,1016.3,1014.3,1012.4,0
30/01/2024,27,23,19,20,16.1,12,94,66.5,47,26,11.2,4,1015.4,1013.5,1010.4,0
31/01/2024,28,23.1,20,20,17.8,14,88,73.8,45,24,11,0,1013.4,1011.5,1009.4,0
01/02/2024,30,23.3,18,19,13.9,5,94,60.8,20,22,8,0,1014.4,1012.1,1010.4,0
02/02/2024,27,22.6,18,18,13.1,9,78,55.6,38,19,9.5,0,1016.3,1013.8,1012.4,0
03/02/2024,26,20.8,17,18,12,9,94,58.4,41,37,14.2,0,1017.3,972.1,0,0
04/02/2024,21,18.7,16,20,16.4,14,94,86.8,77,20,12.4,0,1015.4,1013.9,1011.4,0
05/02/2024,24,19.9,17,15,14.7,14,88,72.6,53,15,9.8,7,1017.3,1014.8,1013.4,0
06/02/2024,25,20.6,17,17,14.6,13,88,70.1,47,19,9.3,0,1017.3,1014.9,1013.4,0
07/02/2024,24,20.7,19,17,11.2,5,83,57.4,33,24,11.6,0,1020.3,1017.7,1014.4,0
08/02/2024,25,20.4,16,8,5,-2,59,39,17,26,11,0,1022.3,997.1,0,0
09/02/2024,27,19.7,12,12,6.8,-2,77,47.5,17,22,7.9,0,1018.3,1016,1014.4,0
10/02/2024,28,21.4,15,18,7,-4,94,49.3,13,19,9.4,0,1019.3,1017,1011.4,0
11/02/2024,28,21.3,15,8,2.4,-5,49,32.2,12,19,8.2,0,1020.3,1017.6,1015.4,0
12/02/2024,28,21.7,15,18,4.3,-2,94,35.3,14,24,7.4,0,1018.3,1016.3,1014.4,0
13/02/2024,25,20.7,17,9,5.5,0,59,39.4,19,13,4.8,0,1019.3,1016.6,1014.4,0
14/02/2024,29,21.5,15,15,7,1,73,41.9,16,17,5.5,0,1019.3,1017,1014.4,0
15/02/2024,30,21.3,13,13,7.8,-4,88,50.5,11,15,7.1,0,1018.3,1016.3,1014.4,0
16/02/2024,31,22,13,13,3.3,-7,82,38.6,8,20,7.5,0,1018.3,1015.7,1013.4,0
17/02/2024,31,22.2,14,14,3.8,-2,73,35.2,12,26,9.3,0,1015.4,1012.2,1009.4,0
18/02/2024,28,23.2,19,20,16,14,78,64.8,45,39,20.6,7,1010.4,1008.1,1006.4,0
19/02/2024,28,24.9,23,21,19.5,13,88,73,39,37,23.7,9,1009.4,1007.1,1005.4,0
20/02/2024,29,24.3,20,21,16,1,88,64.1,16,28,14.2,0,1011.4,1009,1007.4,0
21/02/2024,29,24.2,20,18,15,10,78,58.5,30,31,13,0,1011.4,1009,1007.4,0
22/02/2024,29,23.8,18,17,4.8,-10,83,41.4,7,19,8.2,0,1014.4,1011.7,1009.4,0
23/02/2024,29,21.4,13,10,3.4,-7,56,34.1,9,26,7.5,0,1016.3,1013.3,1011.4,0
24/02/2024,30,21.6,14,11,5.7,-7,67,41.3,9,22,9.2,0,1014.4,1012.4,1010.4,0
25/02/2024,28,21.6,0,10,0.2,-8,63,29.2,0,26,14.3,6,1015.4,1012.8,1011.4,0
26/02/2024,29,23.5,19,9,1.5,-2,41,24.9,13,48,21.7,6,1013.4,1011.9,1010.4,0
27/02/2024,26,20.9,17,8,6.3,5,52,39.5,28,44,28.8,7,1017.3,1014.3,1012.4,0
28/02/2024,29,22.9,18,8,6.4,4,52,36.3,20,26,13,0,1016.3,1013.3,1011.4,0
29/02/2024,31,24.5,16,10,6.8,4,59,34.9,18,19,8,0,1012.4,1010,1007.4,0
01/03/2024,24,20.9,18,17,13.4,10,94,64.4,44,31,10.3,0,1013.4,1009.2,1006.4,0
02/03/2024,21,18,15,17,3.1,-7,94,42.8,16,37,18.3,0,1012.4,1009.6,1007.4,0
03/03/2024,28,17.5,0,4,-3.3,-8,42,24.3,0,26,12.8,0,1014.4,1011.9,1010.4,0
04/03/2024,25,18.2,10,9,1.7,-7,82,40.8,13,15,7.4,0,1016.3,1014.1,1011.4,0
05/03/2024,25,19.9,0,5,-1.5,-7,42,24.4,0,28,10.7,0,1018.3,1015.3,1012.4,0
06/03/2024,27,20.8,13,13,5,0,60,38.3,18,26,11.3,0,1016.3,1013.6,1011.4,0
07/03/2024,29,22.7,16,14,10.5,4,82,50,20,17,9,0,1015.4,1012.3,1010.4,0
08/03/2024,29,22.9,17,12,6.7,1,68,39.1,16,22,9.3,0,1016.3,1013.7,1011.4,0
09/03/2024,30,23.5,16,10,4.7,0,59,33.1,14,22,8.7,0,1016.3,1013.7,1011.4,0
10/03/2024,28,23.8,19,12,8,2,60,38.7,19,26,7.8,0,1016.3,1013.1,1011.4,0
11/03/2024,29,24,17,20,13.9,7,83,54.8,35,24,12.9,0,1016.3,1013.9,1012.4,0
12/03/2024,31,24.7,20,20,17.2,10,88,66.1,29,31,10.5,0,1016.3,1013.4,1011.4,0
13/03/2024,31,25.9,22,19,10.6,-1,78,46,14,30,16.5,6,1015.4,1011.4,1009.4,0
14/03/2024,31,24.7,17,13,2.9,-5,55,27.6,9,28,10,0,1015.4,1012.3,1010.4,0
15/03/2024,31,22.7,18,3,0,-2,35,23.1,12,22,9.1,0,1014.4,1013,1012.4,0
16/03/2024,33,25.9,17,8,3.8,-2,52,26.9,13,22,11.6,0,1014.4,1011.8,1009.4,0
17/03/2024,35,26.7,17,11,2.5,-2,41,23.4,10,22,8.5,0,1014.4,1011.6,1009.4,0
18/03/2024,35,26.9,19,13,6.4,-1,50,30.6,10,22,9.2,0,1013.4,1011.2,1009.4,0
19/03/2024,36,27.4,19,18,11.8,4,64,42.3,14,30,10.7,0,1012.4,1010.5,1008.4,0
20/03/2024,34,26.6,20,18,12.6,5,73,45.9,16,19,7.1,0,1013.4,1010.6,1008.4,0
21/03/2024,35,28.5,24,15,11.3,5,57,37.1,16,30,15.6,6,1010.4,1008.3,1006.4,0
22/03/2024,33,27.1,24,22,17.4,13,83,57.3,31,26,15.6,6,1007.4,1006.3,1004.4,0
23/03/2024,31,27.2,25,22,20.1,18,83,66.3,48,26,17.4,11,1008.4,1006.7,1005.4,0
24/03/2024,32,27.4,24,22,20.8,18,83,68.4,43,28,16,6,1009.4,1007.3,1005.4,0
25/03/2024,34,28.1,24,23,19.5,15,89,62.8,36,28,10.4,0,1011.4,1009.5,1008.4,0
26/03/2024,36,29.8,25,22,17.5,7,83,51.6,18,26,14.9,6,1010.4,1008.7,1007.4,0
27/03/2024,33,27.8,25,22,20.8,18,83,67.2,46,28,15,6,1011.4,1009.8,1008.4,0
28/03/2024,35,28.2,23,22,14.9,3,83,50.4,14,24,13.2,6,1011.4,1009.1,1007.4,0
29/03/2024,30,26.3,23,20,16.7,13,83,57.1,37,33,15.1,6,1010.4,1008.6,1007.4,0
30/03/2024,31,26.1,23,19,17.1,14,78,59.2,35,31,20.9,9,1011.4,1009.7,1008.4,0
31/03/2024,35,28.1,22,19,8.5,-4,73,37.1,9,22,12.3,0,1013.4,1011.2,1009.4,0
01/04/2024,34,28.2,24,19,11,4,65,36.6,17,28,12.4,0,1010.4,1008.3,1005.4,0
02/04/2024,31,27.1,25,21,18.6,15,78,61,43,30,19.5,11,1007.4,1005.8,1004.4,0
03/04/2024,32,27.2,25,21,20.1,17,78,66.4,40,30,15.6,0,1008.4,984.7,0,0
04/04/2024,34,27.2,23,23,18.6,9,89,62.6,23,30,13.9,0,1009.4,986.6,0,0
05/04/2024,34,28.2,25,20,16.3,12,69,49.7,26,59,17.3,9,1009.4,1007.5,1005.4,0
06/04/2024,33,28.1,24,19,15.3,10,69,47.1,29,28,14,6,1008.4,1006.8,1004.4,0
07/04/2024,36,28.4,23,21,17.9,13,78,55.6,28,26,12.5,0,1008.4,1006.2,1004.4,0
08/04/2024,38,28.7,22,21,17.4,8,88,56.4,18,26,10.2,0,1008.4,1006.8,1005.4,0
09/04/2024,38,30,23,20,13.4,2,78,42.9,12,26,12.4,0,1007.4,1006.4,1004.4,0
10/04/2024,34,28,24,22,18.9,15,83,59.1,34,26,14.2,7,1007.4,1006.3,1005.4,0
11/04/2024,32,27.3,24,22,19.9,18,89,65.6,43,22,11.3,6,1008.4,1006.7,1005.4,0
12/04/2024,33,27.8,24,23,19.9,14,89,64.6,31,26,14.3,6,1007.4,1005.7,1003.4,0
13/04/2024,32,28.5,26,24,22.1,20,89,69.5,49,26,14.8,7,1008.4,1005.8,1003.4,0
14/04/2024,27,24.7,21,22,19.1,17,94,71.8,57,24,9.9,0,1013.4,1009.7,1007.4,0
15/04/2024,31,26.1,23,21,19,17,83,66,46,24,9,0,1012.4,1010.6,1009.4,0
16/04/2024,36,29,24,24,20.2,13,89,63.1,26,17,8.6,0,1011.4,1009.2,1007.4,0
17/04/2024,36,29.9,26,23,17.3,12,79,50,23,19,7.9,0,1009.4,1007,1004.4,0
18/04/2024,31,28,26,25,21.8,16,84,69.4,51,41,20.2,7,1007.4,1005.6,1003.4,0
19/04/2024,31,27.3,24,20,18.9,16,74,61,43,35,24.4,13,1005.4,1004.1,1002.4,0
20/04/2024,34,28.2,25,22,18.1,11,78,57.2,24,33,16.6,0,1006.4,1004.4,1001.4,0
21/04/2024,32,28.2,25,22,19.7,16,83,61.6,38,37,17.7,7,1006.4,1005.1,1003.4,0
22/04/2024,34,28.8,25,23,19.2,9,83,58.4,21,28,17.5,6,1007.4,1005.9,1004.4,0
23/04/2024,34,28.4,25,23,20.8,18,89,65.4,38,31,16.1,7,1006.4,1004.6,1002.4,0
24/04/2024,35,28.5,25,23,21,16,89,66.3,32,31,15.8,0,1005.4,1004.1,1002.4,0
25/04/2024,33,27.9,0,23,21,0,79,65.3,0,35,18.8,0,1005.4,983.2,0,0
26/04/2024,36,28.6,0,23,20.5,0,79,61.7,0,35,19.8,0,1006.4,983.5,0,0
27/04/2024,33,28.8,25,22,20.9,19,83,63.9,46,26,17,7,1007.4,1005.6,1004.4,0
28/04/2024,36,30,26,23,19.7,13,83,57.4,26,30,15.6,6,1007.4,1005.9,1003.4,0
29/04/2024,38,31.5,26,20,10,-1,69,32.8,9,26,13,0,1008.4,1006.6,1004.4,0
30/04/2024,39,31.6,26,19,6.9,-5,65,27.7,6,30,15.9,0,1008.4,1005.7,1002.4,0
01/05/2024,38,31,24,24,1.2,-11,70,19.4,4,28,11.8,0,1005.4,1003.4,1001.4,0
02/05/2024,38,30.2,24,20,13.4,3,69,39.1,13,26,11,0,1004.4,1003.3,1001.4,0
03/05/2024,33,29.7,27,24,21.8,17,84,63.2,46,28,17.8,9,1005.4,1003.7,1002.4,0
04/05/2024,39,30,27,24,20.1,14,79,57.3,24,31,19.6,9,1076.2,1007.2,1004.4,0
05/05/2024,34,29.9,23,24,21,17,88,60.4,36,37,21.5,9,1005.4,1003.7,1001.4,0
06/05/2024,36,30.7,27,24,22,17,84,62,34,33,16.8,6,1004.4,1003,1001.4,0
07/05/2024,36,31,27,25,22.1,12,84,61.7,23,26,13.6,0,1013.4,1003.8,1002.4,0
08/05/2024,37,30.4,27,25,23.2,19,84,67,35,35,14.9,6,1005.4,1003.3,1001.4,0
09/05/2024,35,30.4,28,25,23.4,21,84,67.5,44,26,17.1,9,1003.4,1002.8,1001.4,0
10/05/2024,34,30,27,24,22.5,20,84,65.2,49,28,14.7,6,1005.4,1003.8,1002.4,0
11/05/2024,34,30.2,26,24,21.5,18,84,61.5,38,28,14.6,6,1007.4,1005.7,1003.4,0
12/05/2024,36,30.5,27,25,22.8,20,79,63.9,39,22,13,0,1007.4,1005.6,1004.4,0
13/05/2024,35,30.6,27,25,23,21,84,65.3,46,26,11.7,0,1007.4,1005.4,1004.4,0
14/05/2024,37,31.3,28,24,19.6,11,79,53.5,21,22,12,0,1009.4,1007.3,1005.4,0
15/05/2024,40,32.1,28,24,20.6,13,79,54.8,21,26,15.4,7,1008.4,1006.8,1005.4,0
16/05/2024,37,31.6,28,24,21.8,18,79,58.2,32,24,15.8,7,1008.4,1006.7,1004.4,0
17/05/2024,39,32.5,28,25,19.9,13,84,51.4,27,26,16,7,1006.4,1004.5,1002.4,0
18/05/2024,39,33,28,24,17.6,7,74,44.6,14,35,20.1,9,1004.4,1003,1000.4,0
19/05/2024,35,31.3,28,26,22.1,19,84,59.7,39,31,18.2,7,1003.4,1001.1,998.4,0
20/05/2024,36,31.7,29,26,24,21,84,65.1,41,37,22,9,1002.4,1000.8,999.4,0
21/05/2024,38,32.8,29,26,24.4,22,84,62.5,39,37,19,11,1001.4,1000.4,998.4,0
22/05/2024,36,32.7,30,26,23.6,20,79,59.8,44,28,17.2,0,1001.4,999.9,998.4,0
23/05/2024,38,32.7,30,25,22.6,20,74,56,35,37,18.5,7,999.4,998.5,997.4,0
24/05/2024,36,32.1,29,26,23.7,20,79,62.5,39,28,16.7,7,999.4,934,0,0
25/05/2024,37,32,29,26,25.1,23,84,67.9,47,26,16.5,7,999.4,998.3,996.4,0
26/05/2024,36,31.9,29,26,24.6,23,84,66.3,49,37,23.3,11,1001.4,999.5,997.4,0
27/05/2024,37,32.2,29,26,24,21,79,63,39,33,20.7,7,1000.4,977.9,0,0
28/05/2024,37,32.6,30,26,23.5,20,79,59.7,44,43,26.2,11,998.4,996.6,994.4,0
29/05/2024,41,32.5,0,27,23.7,0,84,60.1,0,26,19.5,7,997.4,995.1,993.4,0
30/05/2024,39,32.7,30,27,25.2,21,84,66.7,35,33,18.4,9,1000.4,935.1,0,0
31/05/2024,35,31.8,29,26,25.3,23,84,69.1,52,26,19.6,11,1000.4,998.9,997.4,0
01/06/2024,38,32.5,30,27,24.6,18,84,65.1,34,26,16.6,7,1000.4,998.1,996.4,0
02/06/2024,35,31.6,29,25,24,22,79,64.3,47,219,20.8,7,1002.4,1000.8,999.4,0
03/06/2024,35,31.4,29,25,23.2,22,74,62.1,47,33,19.6,9,1003.4,1001.9,1000.4,0
04/06/2024,35,31.3,29,24,23,22,74,61.6,47,39,24.6,11,1002.4,1001.5,1000.4,0
05/06/2024,34,30.5,0,25,23,0,79,63.1,0,41,27.4,0,1003.4,980.6,0,0
06/06/2024,34,31.5,30,25,24,22,74,64.6,49,41,24,11,1004.4,1002.7,1001.4,0
07/06/2024,35,31.9,29,25,23.8,20,79,62.5,47,33,17.9,6,1003.4,1002,999.4,0
08/06/2024,36,31.9,29,26,23.5,21,84,62.8,44,35,21.5,9,1002.4,1000.5,998.4,0
09/06/2024,35,31.8,29,25,24,22,79,64,47,37,21.7,11,1002.4,1001,999.4,0
10/06/2024,35,31.6,29,25,23.5,22,79,62.7,49,37,23,0,1002.4,1001.3,999.4,0
11/06/2024,35,31.4,29,25,23.7,21,79,64.2,46,41,23.3,13,1002.4,1001,999.4,0
12/06/2024,35,31.6,29,25,23.8,22,79,63.8,47,41,26.9,11,1002.4,1000.9,999.4,0
13/06/2024,35,31.8,30,26,23.8,22,79,63.3,47,37,26,15,1001.4,1000.2,997.4,0
14/06/2024,35,32.1,30,26,23.9,22,75,62.6,47,41,23.8,11,1000.4,998.8,997.4,0
15/06/2024,36,32.2,30,26,24.6,23,79,65.1,47,31,19.8,7,1000.4,998.5,997.4,0
16/06/2024,36,32.3,30,26,23.9,21,79,61.6,44,30,20.6,13,1001.4,999.4,997.4,0
17/06/2024,35,31.8,30,26,24.3,23,79,64.6,49,30,18.2,9,1001.4,999.6,998.4,0
18/06/2024,35,31.3,0,26,23.7,0,75,62.3,0,33,23.4,11,1000.4,998.2,996.4,0
19/06/2024,35,32.3,30,27,25,24,79,66.2,53,37,22.1,11,997.4,704,0,0
20/06/2024,36,32.3,30,27,25.9,16,84,69.7,38,28,20.9,15,993.4,992.3,990.4,0
21/06/2024,37,32.9,30,27,24.4,19,79,62.5,37,28,17.6,0,997.4,994.7,992.4,0
22/06/2024,36,32.8,29,26,23.9,21,79,59.9,50,26,12.2,0,998.4,851.4,0,0
23/06/2024,40,34.2,31,26,24.4,20,75,58.1,31,28,13.8,0,999.4,996.9,993.4,0
24/06/2024,41,34.9,31,27,24.1,20,79,55.6,30,28,17.2,6,997.4,849.5,0,0
25/06/2024,41,33.8,30,27,25.3,22,79,62.5,33,33,17.3,0,995.4,992.8,990.4,0
26/06/2024,39,33.7,31,26,24.2,19,75,59.1,35,46,15.3,7,994.4,827.9,0,0
27/06/2024,41,33.2,29,27,24,19,75,60,33,41,14.8,0,995.4,933.4,0,0
28/06/2024,38,33.1,28,26,23.5,22,84,58.4,42,30,14.4,0,995.4,909.4,0,0
29/06/2024,37,33.2,31,26,24.4,3,75,61.9,12,26,15.3,7,995.4,994.1,992.4,0
30/06/2024,37,33.4,31,27,25.5,24,79,64.2,47,33,10.2,0,996.4,994.4,992.4,0
01/07/2024,37,34.3,32,26,24.9,23,70,58.3,47,33,24.6,11,992.4,959.5,0,0
02/07/2024,35,32.8,31,27,25.8,25,75,66.8,56,41,24.1,13,992.4,990.4,989.4,0
03/07/2024,36,32.9,31,27,25.9,24,79,66.8,50,26,19.4,0,995.4,992.4,990.4,0
04/07/2024,35,32.6,31,26,25.3,24,75,65.5,53,28,18.8,7,996.4,994.9,993.4,0
05/07/2024,33,31.9,31,26,25.5,25,75,69.3,63,28,19.4,9,995.4,993.6,991.4,0
06/07/2024,35,32.5,31,28,25.5,24,75,67.1,53,37,25.1,15,992.4,991,989.4,0
07/07/2024,36,33,31,27,26.4,25,79,68.4,53,33,20.8,11,996.4,992.8,991.4,0
08/07/2024,36,31.8,29,27,25.3,21,84,69.2,49,26,9.7,0,998.4,996.6,995.4,0
09/07/2024,38,31.3,27,27,25.1,22,89,70.7,44,52,11.4,0,1000.4,998.2,995.4,0
10/07/2024,37,32,29,29,26.9,25,89,75.3,50,33,14.5,6,1000.4,999.2,997.4,0
11/07/2024,35,32.5,31,27,25.9,24,79,68.8,53,41,24.4,13,1000.4,998,994.4,0
12/07/2024,34,32,30,27,25.4,24,84,68.5,56,52,34.9,17,997.4,994.4,992.4,0
13/07/2024,35,32,23,26,25.3,22,75,66.2,0,37,27.1,15,995.4,994.3,992.4,0
14/07/2024,36,32.5,31,26,25,23,75,65.3,47,30,19.6,11,996.4,994.6,992.4,0
15/07/2024,36,32.8,30,26,25,24,79,64.4,50,28,14.9,6,998.4,996.1,994.4,0
16/07/2024,40,33.8,31,27,25.4,23,75,62.7,37,28,12.1,0,998.4,995.5,992.4,0
17/07/2024,40,34.2,31,28,26.9,24,84,67.3,40,35,15,0,997.4,994.9,993.4,0
18/07/2024,38,33.9,32,28,25.9,23,75,63.7,42,33,17.4,4,996.4,994.6,992.4,0
19/07/2024,39,32.9,30,29,25.6,21,84,66.9,37,46,15.6,4,995.4,993.4,990.4,0
20/07/2024,38,32.9,31,28,25.7,22,84,67,42,37,11.2,0,995.4,993.9,992.4,0
21/07/2024,40,33.5,30,28,24.9,22,84,62,37,22,7.8,0,995.4,994.1,992.4,0
22/07/2024,38,32.4,30,29,27.2,24,89,75,44,33,16.3,6,998.4,995,992.4,0
23/07/2024,35,31.5,30,28,26.7,24,89,75.6,59,33,22.6,11,996.4,994.6,992.4,0
24/07/2024,33,30.7,30,28,26.6,26,89,79,66,35,22.4,13,995.4,992.4,989.4,0
25/07/2024,34,31,29,27,26.2,25,84,75.6,59,31,20.1,11,993.4,991.4,989.4,0
26/07/2024,34,31.3,30,27,25.9,24,84,73.6,59,37,20.6,11,995.4,993,991.4,0
27/07/2024,34,31.5,30,26,25.2,24,79,69.4,56,35,20.6,9,995.4,994.2,992.4,0
28/07/2024,34,31.3,30,26,25.6,24,79,72.3,59,22,13,7,995.4,993.9,991.4,0
29/07/2024,35,31.4,30,27,25.9,24,84,72.9,56,22,10.2,0,996.4,993.4,991.4,0
30/07/2024,33,30.4,29,28,26.2,25,89,78.4,66,22,9.1,0,996.4,994.8,993.4,0
